"Tree","Role","RelativePath","Length","SHA256","Classification"
"Hydroponic_IoT_ESP32","Git source of record",".gitignore","280","1DD3D0259C3638503BC2A7C44C5E60D4422C41325889190FB280ADAE0B57FC40","SourceOrDocumentation"
"Hydroponic_IoT_ESP32","Git source of record","00_Docs\archive\phase20\PHASE_20B_REVIEW_PACKAGE.md","36202","2D6F0CD39ABA4CA807ED4ED9C687178CCA5B47F6340F7D21EB664A22639DBB89","SourceOrDocumentation"
"Hydroponic_IoT_ESP32","Git source of record","00_Docs\archive\phase20\PHASE_20C_REVIEW_PACKAGE.md","8453","30775835E4EDAF68D53010CB637DE3BF2536E3F31BD3D85EA9963A8015D9FBDA","SourceOrDocumentation"
"Hydroponic_IoT_ESP32","Git source of record","00_Docs\archive\phase20\PHASE_20D_REVIEW_PACKAGE.md","5035","87D317833B52E132C42B04BEAF71C3BDC26F0F9A027F426945ABB53138B93987","SourceOrDocumentation"
"Hydroponic_IoT_ESP32","Git source of record","00_Docs\CODEX_INSTRUCTIONS.md","1026","C617F0928988182A86B58480F3E72EA35CB3549FFFFE0111924C22E28F7931C6","SourceOrDocumentation"
"Hydroponic_IoT_ESP32","Git source of record","00_Docs\Database_Schema.md","3751","9D46A5C57212FE71A6F89CE4C3C5BC94CA74D8D51B2B0BC5C5F7772DB663EA60","SourceOrDocumentation"
"Hydroponic_IoT_ESP32","Git source of record","00_Docs\DEMO_CHECKLIST_AUTO_DOSING.md","4897","FAF24107744BB8F5921C6D29064F1C1A34AA437B32D940577AFE8B82203B9193","SourceOrDocumentation"
"Hydroponic_IoT_ESP32","Git source of record","00_Docs\EC_TDS_Calibration.md","2027","0178EE22BE9F5FF8C53481C80EA5DE977EB1B080917E59FC0B335F617C75D31B","SourceOrDocumentation"
"Hydroponic_IoT_ESP32","Git source of record","00_Docs\MAIN_REPORT_PHASE20D_DOCX_UPDATE_REVIEW.md","6298","F9E2A07AC226B897D80AF89C58684A7C1C34E31ABB04B9A1B314189A1DA3C302","SourceOrDocumentation"
"Hydroponic_IoT_ESP32","Git source of record","00_Docs\MQTT_Topics.md","665","8C31A1DB609C1AED5945F9D50EC909F4FAD32FC4193E2CCDA54755B95519DEC7","SourceOrDocumentation"
"Hydroponic_IoT_ESP32","Git source of record","00_Docs\Patches\CODEX_PHASE22B_STAGE1_PREFLIGHT.patch","71647","2FE9A2817E6C3F36369C7A7BEAA7E8FA891465ECC7014A93434F465877FE2D82","SourceOrDocumentation"
"Hydroponic_IoT_ESP32","Git source of record","00_Docs\Payload_Format.md","2984","3A1BE20708ED89BA9BEB80F54A6B11FBA08E048C44E3CD08B20814D28FEFD9DD","SourceOrDocumentation"
"Hydroponic_IoT_ESP32","Git source of record","00_Docs\Phase_Reports\CODEX_PHASE21_FIX1_FINAL_REPORT.md","22424","4BE903CFBAACBFA81448B37A3A4EB5148E2863EE03D0D72CE5D4507F26CDF9A8","SourceOrDocumentation"
"Hydroponic_IoT_ESP32","Git source of record","00_Docs\Phase_Reports\CODEX_PHASE21_FIX2_FINAL_REPORT.md","15051","398352EC2E21719D69554F0C035277958478ACFC20079E321F98935F443E08F6","SourceOrDocumentation"
"Hydroponic_IoT_ESP32","Git source of record","00_Docs\Phase_Reports\CODEX_PHASE22A_FINAL_REPORT.md","27850","FC14F1E25C244346776FDC7DDCB76A4693A22EE995F7C4F9FCB1E9BB219EB3B4","SourceOrDocumentation"
"Hydroponic_IoT_ESP32","Git source of record","00_Docs\Phase_Reports\CODEX_PHASE22A_FIX2_FINAL_REPORT.md","17993","B258839B3DC936CECE97D504805820FAEE9291F594B49B59BF7333DC9590611B","SourceOrDocumentation"
"Hydroponic_IoT_ESP32","Git source of record","00_Docs\Phase_Reports\CODEX_PHASE22B_STAGE0_REPORT.md","10058","B08AAB6A00FC51115ECC254BB65EBF39A2B490AA3441A9F4AE46ACDCC30587CE","SourceOrDocumentation"
"Hydroponic_IoT_ESP32","Git source of record","00_Docs\Phase_Reports\CODEX_PHASE22B_STAGE1_PREFLIGHT_REPORT.md","12730","AB006ABED86C1B0CB46CE9745DCCCBA55E6D583F4CDBBAD0EBAB58DF8D44BE14","SourceOrDocumentation"
"Hydroponic_IoT_ESP32","Git source of record","00_Docs\Phase_Reports\PHASE21_FIX1_REAUDIT_AND_CLEANUP_PLAN.md","15507","FF790BEFBE7C76A510EC272C54D8F5E77CEC713BAA515BC0040DBD6CD9346660","SourceOrDocumentation"
"Hydroponic_IoT_ESP32","Git source of record","00_Docs\Phase_Reports\PHASE21_INDEPENDENT_AUDIT.md","17393","D307C4A9B308A9DF3B48E3932B5D8068A1A25EFAE1BA8036247FA664DB5612DB","SourceOrDocumentation"
"Hydroponic_IoT_ESP32","Git source of record","00_Docs\Pin_Map.md","3896","07D5A0BDBF392D51443A56C6BC1215EFFE91016556DD9EAF529196D949895043","SourceOrDocumentation"
"Hydroponic_IoT_ESP32","Git source of record","00_Docs\PROJECT_PLAN.md","2724","EE634CF620E3F7254B129AA1EAFD9B3118080EA1FF349C274AC2E9156665EAE2","SourceOrDocumentation"
"Hydroponic_IoT_ESP32","Git source of record","00_Docs\PROJECT_STATUS_REPORT.md","35041","FD8CC79A12F81937AE754BF7C83028161DE625F83123096A1BCB5288579C2D8D","SourceOrDocumentation"
"Hydroponic_IoT_ESP32","Git source of record","00_Docs\Pump_Calibration.md","613","CEF3D80D7980F343E796C4E47B40D61F94F00414D639ED47D040F2560C8A49C3","SourceOrDocumentation"
"Hydroponic_IoT_ESP32","Git source of record","00_Docs\Telemetry_Identity_Shadow_Mode.md","8695","0B020EAC2174E2EDF2969CF71F16A242685FE71154AAD30FAE5BCD9F6A4C27DD","SourceOrDocumentation"
"Hydroponic_IoT_ESP32","Git source of record","00_Docs\Wiring_Checklist.md","3342","468C0C88695AE92B9FEE3A728E6058018C1889563E83E9BF3CD85BCA140E8642","SourceOrDocumentation"
"Hydroponic_IoT_ESP32","Git source of record","01_ESP32_Test_Sketches\T01_Blink_Serial\T01_Blink_Serial.ino","1661","4DBB0C2556B96387EBA1F9DC14A5906940B8AF712EF2BBA86910AC0DF2DD56A9","SourceOrDocumentation"
"Hydroponic_IoT_ESP32","Git source of record","01_ESP32_Test_Sketches\T02_TDS_SEN0244_Test\T02_TDS_SEN0244_Test.ino","2178","99D8F184E8241DAF2EC144FFEDB5D882BDD764A611CD6AF66186E0790D573BD8","SourceOrDocumentation"
"Hydroponic_IoT_ESP32","Git source of record","01_ESP32_Test_Sketches\T03_DS18B20_Test\T03_DS18B20_Test.ino","2082","8B8BBFA7E14431B5D86473A5984B272C5259DED467A6829A8FF041A21A527448","SourceOrDocumentation"
"Hydroponic_IoT_ESP32","Git source of record","01_ESP32_Test_Sketches\T04_Water_Level_Float_Test\T04_Water_Level_Float_Test.ino","1737","1EC62F615A8AE082EDA037DC036633977B751F7E0C470D90120D87BD11DC6EC8","SourceOrDocumentation"
"Hydroponic_IoT_ESP32","Git source of record","01_ESP32_Test_Sketches\T05_MOSFET_4CH_Test\T05_MOSFET_4CH_Test.ino","3459","88C2792CA4B021E438ED17522D37F5464F2CBB90678D0A57E3A2744F6AD20496","SourceOrDocumentation"
"Hydroponic_IoT_ESP32","Git source of record","01_ESP32_Test_Sketches\T06_Pump_Main_Test\T06_Pump_Main_Test.ino","2238","513FC2855A4769D7E0246DAC1C5112371C2D93E72721F91229A26AF6094A0F8B","SourceOrDocumentation"
"Hydroponic_IoT_ESP32","Git source of record","01_ESP32_Test_Sketches\T07_Pump_A_B_Test\T07_Pump_A_B_Test.ino","3593","A2476AE79A3136131AE7EAEFAEDF60EE5252D0B1D54F441F87663D073074D8BB","SourceOrDocumentation"
"Hydroponic_IoT_ESP32","Git source of record","01_ESP32_Test_Sketches\T08_All_Hardware_Test\T08_All_Hardware_Test.ino","9623","A7B8DB2AA5B4EB871A4CD9854C32EBBA8CE7BEBCB72ABADCEFC700E34834F341","SourceOrDocumentation"
"Hydroponic_IoT_ESP32","Git source of record","02_ESP32_Main_Firmware\Hydroponic_Device001\ActuatorSafety.h","325","FEF0AE966FD0003441633573FA2EC625C2459FEF73EF64651806AA1C6A173688","SourceOrDocumentation"
"Hydroponic_IoT_ESP32","Git source of record","02_ESP32_Main_Firmware\Hydroponic_Device001\BuildProfile.h","711","3F57C6CE61360156956189C1C4D949F4442DD9C31AAD80C6CF3A4411CED86CE3","SourceOrDocumentation"
"Hydroponic_IoT_ESP32","Git source of record","02_ESP32_Main_Firmware\Hydroponic_Device001\Config.h","2314","09589F3789150E1F1C266B5405260362F1F1CF37DE01620F96093992736178B8","SourceOrDocumentation"
"Hydroponic_IoT_ESP32","Git source of record","02_ESP32_Main_Firmware\Hydroponic_Device001\Hydroponic_Device001.ino","20697","11BFCCE0ACC536A2D4506EA43060D02133772975785A136BD3C9B696087A304C","SourceOrDocumentation"
"Hydroponic_IoT_ESP32","Git source of record","02_ESP32_Main_Firmware\Hydroponic_Device001\MqttService.cpp","3909","A351B05702F6CB219AD5B89E29005D928FB7CFCE04D628E32A2DCA7527F96161","SourceOrDocumentation"
"Hydroponic_IoT_ESP32","Git source of record","02_ESP32_Main_Firmware\Hydroponic_Device001\MqttService.h","403","51D157967BA38D8B9C9024E834BE12B2CDA96B03CD4CA2895A1143A8AED7A074","SourceOrDocumentation"
"Hydroponic_IoT_ESP32","Git source of record","02_ESP32_Main_Firmware\Hydroponic_Device001\PayloadBuilder.cpp","5161","8C9E67312BF2E9BEB9811EE11BBC3D6C918C0E6A2EAEEE1800146989B651A984","SourceOrDocumentation"
"Hydroponic_IoT_ESP32","Git source of record","02_ESP32_Main_Firmware\Hydroponic_Device001\PayloadBuilder.h","509","45D95972695910141E9F7EECF4D59638AD6681BD5452746DC261AEFDB4EDA17E","SourceOrDocumentation"
"Hydroponic_IoT_ESP32","Git source of record","02_ESP32_Main_Firmware\Hydroponic_Device001\Pumps.cpp","1839","E4920CB3326DBED6C66444E415D9AD43AC394E476B266F95A65B0CB8736D5CD3","SourceOrDocumentation"
"Hydroponic_IoT_ESP32","Git source of record","02_ESP32_Main_Firmware\Hydroponic_Device001\Pumps.h","298","D90CB5C07214637EB5D567321E0D2F6CDAFB1149B53F3C08553AD1F43886B8F8","SourceOrDocumentation"
"Hydroponic_IoT_ESP32","Git source of record","02_ESP32_Main_Firmware\Hydroponic_Device001\Secrets.h.example","424","9F924ADB3E3C413A4E904CFEACA0E6B12BD44FAE82892238C754CF3370E72746","SourceOrDocumentation"
"Hydroponic_IoT_ESP32","Git source of record","02_ESP32_Main_Firmware\Hydroponic_Device001\SecretsStage1.h.example","437","F48ADD9EDE1895D4232C1A54DB0E8AF1986FB174A965EABC32C0A4EF514CCBE4","SourceOrDocumentation"
"Hydroponic_IoT_ESP32","Git source of record","02_ESP32_Main_Firmware\Hydroponic_Device001\Sensors.cpp","4155","67A312838D90C18A405007E9304EFB34FB97AD5C7DA5975E5FD4AE1DBF006A30","SourceOrDocumentation"
"Hydroponic_IoT_ESP32","Git source of record","02_ESP32_Main_Firmware\Hydroponic_Device001\Sensors.h","378","D633339E34E947574976A5FD4B4A174DB0ACA0389B5F37C6290F3D9D99C3DAF1","SourceOrDocumentation"
"Hydroponic_IoT_ESP32","Git source of record","02_ESP32_Main_Firmware\Hydroponic_Device001\TelemetryIdentity.cpp","1068","BE2651EE8C950D9EAF6514FD6ECEFE4A26699B347232D86D14D5C9066B2799C9","SourceOrDocumentation"
"Hydroponic_IoT_ESP32","Git source of record","02_ESP32_Main_Firmware\Hydroponic_Device001\TelemetryIdentity.h","402","6FB7B85FCB3AC66E1F82BF88B021A384A29B81072469DDB3E76043B65C3AC365","SourceOrDocumentation"
"Hydroponic_IoT_ESP32","Git source of record","02_ESP32_Main_Firmware\Hydroponic_Device001\TelemetryPublishState.h","768","51DCFDCB23495800B0998F362B38814DA4AEED5A059D7B2D84EECF4CB62E5EBE","SourceOrDocumentation"
"Hydroponic_IoT_ESP32","Git source of record","02_ESP32_Main_Firmware\Hydroponic_Device001\TelemetrySequence.h","390","8DFB502DB6E99107F62FE5FE5CB4A9513E167961E630F99F249D64C9ACD9CCB9","SourceOrDocumentation"
"Hydroponic_IoT_ESP32","Git source of record","03_Edge_Server\mqtt_backend\.env.example","976","D8BFAB953504CAC7BB93DCA1684E6862D052AD874C71CCF0810873743A8D8391","SourceOrDocumentation"
"Hydroponic_IoT_ESP32","Git source of record","03_Edge_Server\mqtt_backend\package.json","571","DB66DFD64350B6D148281DAC7F7F83E7433B5910AB54BC585DBF85F43C255529","SourceOrDocumentation"
"Hydroponic_IoT_ESP32","Git source of record","03_Edge_Server\mqtt_backend\package-lock.json","56295","F8CD984BD4AD8DE411132064FF00ED0ACC4C8D4B8BB9E3531323BCFA8D0D7E63","SourceOrDocumentation"
"Hydroponic_IoT_ESP32","Git source of record","03_Edge_Server\mqtt_backend\public\app.js","74231","890C4C4E156B5CD71BCF8711329449E2ADC4C6DB3CC74D8A3E3CAA82B1377740","SourceOrDocumentation"
"Hydroponic_IoT_ESP32","Git source of record","03_Edge_Server\mqtt_backend\public\index.html","55237","F3FAD8E4CF20D52A67B8A2404A3755B06FCC595E7FECDB2866E8D613662E9137","SourceOrDocumentation"
"Hydroponic_IoT_ESP32","Git source of record","03_Edge_Server\mqtt_backend\public\styles.css","15274","9AC434109D9A4D8EE945A9E5C802E481FC673CE04ADFBF43D0EDF3119DEB344C","SourceOrDocumentation"
"Hydroponic_IoT_ESP32","Git source of record","03_Edge_Server\mqtt_backend\README.md","32807","54441301820FA8540DB8DDFA3FD640A6A40C79964B269918DE001838F2617FCD","SourceOrDocumentation"
"Hydroponic_IoT_ESP32","Git source of record","03_Edge_Server\mqtt_backend\scripts\migrateLegacyTdsCalibrations.js","2476","F69DD0618E67B9CFCF8EC5E8B5D6A3429C9BF61CE49B875214C7FB9047649F75","SourceOrDocumentation"
"Hydroponic_IoT_ESP32","Git source of record","03_Edge_Server\mqtt_backend\src\config\phase22Config.js","748","26BA55A693FEF9F48EFE5AE1F315B7A8093D098E6111AA080374B6039049FD4C","SourceOrDocumentation"
"Hydroponic_IoT_ESP32","Git source of record","03_Edge_Server\mqtt_backend\src\config\tdsQualityConfig.js","1767","D080F4AB45FF37407C44FBE862C9A2BCCF4F99AC98F83AFB510BB721B880C765","SourceOrDocumentation"
"Hydroponic_IoT_ESP32","Git source of record","03_Edge_Server\mqtt_backend\src\httpServer.js","1461","6705B7B0E1317A2EB235FA1DD9625EBA4BEA217844C6BBAD84D8D7EF48109144","SourceOrDocumentation"
"Hydroponic_IoT_ESP32","Git source of record","03_Edge_Server\mqtt_backend\src\index.js","1143","C1D7AAFB9B7467E4D595CDEFD02E6321E9F6E65E8B203608198BA8E68B626DAC","SourceOrDocumentation"
"Hydroponic_IoT_ESP32","Git source of record","03_Edge_Server\mqtt_backend\src\mongoClient.js","4680","B498939A5ADC66B88F59664ED42B0FC103432195C20CAC5B045937B5974C9BBF","SourceOrDocumentation"
"Hydroponic_IoT_ESP32","Git source of record","03_Edge_Server\mqtt_backend\src\mqttClient.js","3931","6D038CE1E9DCAA70E483159593103738241AAE76A2D4E0A99B3EEB1536A18ADA","SourceOrDocumentation"
"Hydroponic_IoT_ESP32","Git source of record","03_Edge_Server\mqtt_backend\src\routes\deviceRoutes.js","18569","11DCF6B7DC630479F3B1ECB8AC705A5B6AF1B3A0B1D27A21CC682C2E9C9B6A22","SourceOrDocumentation"
"Hydroponic_IoT_ESP32","Git source of record","03_Edge_Server\mqtt_backend\src\services\alertService.js","3768","C97B2176978630542D46F4CC66350C4B318F81F5AD23E6170802BCA821DD955F","SourceOrDocumentation"
"Hydroponic_IoT_ESP32","Git source of record","03_Edge_Server\mqtt_backend\src\services\autoDosingEventService.js","4907","C2678479B4EAB467481ED343CCF671A2686EC2A017AB54BC3B04DCBA83DA57D7","SourceOrDocumentation"
"Hydroponic_IoT_ESP32","Git source of record","03_Edge_Server\mqtt_backend\src\services\autoDosingReadinessService.js","2851","3C4321B5E9E7A239229766B645C2B9959F7459392A2ABC9AF4C28A8D69BEFA84","SourceOrDocumentation"
"Hydroponic_IoT_ESP32","Git source of record","03_Edge_Server\mqtt_backend\src\services\autoDosingService.js","40158","9BD80FF77B08909CE42C685D2CA4725FA812DF3336244D234C681C25AE3CF1C7","SourceOrDocumentation"
"Hydroponic_IoT_ESP32","Git source of record","03_Edge_Server\mqtt_backend\src\services\deviceQueryService.js","1318","12CB9B22D8B5621FD66CDE9F77F5CA90AF47482CDC6530B43ACE7205D1A284F3","SourceOrDocumentation"
"Hydroponic_IoT_ESP32","Git source of record","03_Edge_Server\mqtt_backend\src\services\exportService.js","2883","B70B968CAEE34C784645A135965D1C0AAD6816CFC9F337D835546C0862E737C5","SourceOrDocumentation"
"Hydroponic_IoT_ESP32","Git source of record","03_Edge_Server\mqtt_backend\src\services\nutrientResponseService.js","5276","204C7DC377DCDCB849B24C28D674C3FE1F1A949BBAADFF34EDDEE295E68E4DB3","SourceOrDocumentation"
"Hydroponic_IoT_ESP32","Git source of record","03_Edge_Server\mqtt_backend\src\services\pumpCalibrationService.js","3201","07D83C84968AA1F6CD5412FF292BA3C52889DAB551AD45F3F6AFA080599D0987","SourceOrDocumentation"
"Hydroponic_IoT_ESP32","Git source of record","03_Edge_Server\mqtt_backend\src\services\pumpCommandService.js","3961","B84D4C876F1D4BB14FC68DD82EE9C41E1E8645360E768A44BA7D05763BCBF653","SourceOrDocumentation"
"Hydroponic_IoT_ESP32","Git source of record","03_Edge_Server\mqtt_backend\src\services\pumpLogService.js","4043","57FC9C8598655212921F25CD22E0B354C454D4E8C9AFC6AD4534CA765330751D","SourceOrDocumentation"
"Hydroponic_IoT_ESP32","Git source of record","03_Edge_Server\mqtt_backend\src\services\sensorLogService.js","15023","34D248AE55A79EE2505E4863B03D84C434216BB5244A34A0667C5AFC5AE64A67","SourceOrDocumentation"
"Hydroponic_IoT_ESP32","Git source of record","03_Edge_Server\mqtt_backend\src\services\shadowDosingEngine.js","8002","A14BD4DCBAF1A9EAB7D4226922EF566B3EF440CC9B8425C9C7FFDA8B0B0E0DAE","SourceOrDocumentation"
"Hydroponic_IoT_ESP32","Git source of record","03_Edge_Server\mqtt_backend\src\services\shadowDosingService.js","5067","8138C46184E48D911AA93777CAF8D7A50C9B2E5147B3D9D8530EB44877C7C055","SourceOrDocumentation"
"Hydroponic_IoT_ESP32","Git source of record","03_Edge_Server\mqtt_backend\src\services\tdsCalibrationService.js","28922","70041A46B88828060446072CCC858ACC17CE988CD34883A066B12B2E4BD750A6","SourceOrDocumentation"
"Hydroponic_IoT_ESP32","Git source of record","03_Edge_Server\mqtt_backend\src\services\tdsQualityService.js","6579","7F70509F44BF5EE7B2516CD57663A46A4918317FC87474755F1C26C0472A6F6D","SourceOrDocumentation"
"Hydroponic_IoT_ESP32","Git source of record","03_Edge_Server\mqtt_backend\src\services\telemetryIdentityService.js","5092","2DF83BE7BB2CA8DC7B4CEFD404811A6178C1C62C86D8713A621319A7278D6F55","SourceOrDocumentation"
"Hydroponic_IoT_ESP32","Git source of record","03_Edge_Server\mqtt_backend\src\services\telemetryPipelineService.js","591","A29FF8D6047F5074F89D385F4A5FA80EEC2B12897BD05AAFBFDCA6C411CBD077","SourceOrDocumentation"
"Hydroponic_IoT_ESP32","Git source of record","03_Edge_Server\mqtt_backend\src\validators\autoDosingSettingsValidator.js","5003","77E0748EEAC7EEFE8083A07D79208F3F922D7EC6D132A83596D35FDD075850F6","SourceOrDocumentation"
"Hydroponic_IoT_ESP32","Git source of record","03_Edge_Server\mqtt_backend\src\validators\nutrientResponseTestValidator.js","5701","97DA964F5923A9D8DD1EA6D6F7CA8E96764E1488AC136169E7391D0F5D786E35","SourceOrDocumentation"
"Hydroponic_IoT_ESP32","Git source of record","03_Edge_Server\mqtt_backend\src\validators\pumpCalibrationValidator.js","2292","65CDAD783EFDFA0F9B8E6CC88A2627F17A76D9684964D976F06AD0C1E10FC14F","SourceOrDocumentation"
"Hydroponic_IoT_ESP32","Git source of record","03_Edge_Server\mqtt_backend\src\validators\pumpCommandValidator.js","2646","70102D24B89F9A83564D08F08CCAC0364C922E629CBB9993B76F19D0742E5288","SourceOrDocumentation"
"Hydroponic_IoT_ESP32","Git source of record","03_Edge_Server\mqtt_backend\src\validators\sensorPayloadValidator.js","5960","4E46800CA418E49689057BC83D540B0788C0A37347FF8947D96EF0C55F21E92E","SourceOrDocumentation"
"Hydroponic_IoT_ESP32","Git source of record","03_Edge_Server\mqtt_backend\src\validators\tdsCalibrationSetValidator.js","9018","D321879195A40C3838BCA515885E9C16ABDF51FAB6FB8F2DFA617BC4558C6CBC","SourceOrDocumentation"
"Hydroponic_IoT_ESP32","Git source of record","03_Edge_Server\mqtt_backend\src\validators\tdsCalibrationValidator.js","461","3B58ED004B84369148A91592BE5A9FC58727CC8FB4132BF86615F25308BABCBA","SourceOrDocumentation"
"Hydroponic_IoT_ESP32","Git source of record","03_Edge_Server\mqtt_backend\staging\.env.staging.example","535","E1868B9CA2A12142BECB38D6F9F0288766CBB0E03104B320A8BDDAC70DC33833","SourceOrDocumentation"
"Hydroponic_IoT_ESP32","Git source of record","03_Edge_Server\mqtt_backend\staging\Get-StagingStatus.ps1","889","A15AAFC96D2A06B38BB1FED8256B6339846E6F4A014045EA2C27582FAAAC0D3E","SourceOrDocumentation"
"Hydroponic_IoT_ESP32","Git source of record","03_Edge_Server\mqtt_backend\staging\mosquitto.stage0.conf","145","222ABE58FE275AB78CD1E0C1233DD7A7C71F88B098919F557705815FB46FB85C","SourceOrDocumentation"
"Hydroponic_IoT_ESP32","Git source of record","03_Edge_Server\mqtt_backend\staging\README.md","1990","3B8F2407C9E4ADBB9D1AF8FDC065F6BEC002AB131F7EE50D175AEAB016FB802E","SourceOrDocumentation"
"Hydroponic_IoT_ESP32","Git source of record","03_Edge_Server\mqtt_backend\staging\Reset-Staging.ps1","714","81667C7BF9238AADCE281BA544A95BCB93367E4EB84C13F700F18E856E047DB3","SourceOrDocumentation"
"Hydroponic_IoT_ESP32","Git source of record","03_Edge_Server\mqtt_backend\staging\runStage0Checks.js","15980","2649C79FBE37D99A053C8B9151F8ADC2A06F0F27DD6F337E9581327945D25B8D","SourceOrDocumentation"
"Hydroponic_IoT_ESP32","Git source of record","03_Edge_Server\mqtt_backend\staging\Stage0.Common.ps1","1940","4DA645518CECA9B5BA43E8162025E7E86DD4EEF2363BEC954C7CA3EEBA785E2A","SourceOrDocumentation"
"Hydroponic_IoT_ESP32","Git source of record","03_Edge_Server\mqtt_backend\staging\stage1\.env.stage1.example","632","D99E104EF5073E1E7B581599DF5314158D8B20105C41BDBD9C187AC86FD2E297","SourceOrDocumentation"
"Hydroponic_IoT_ESP32","Git source of record","03_Edge_Server\mqtt_backend\staging\stage1\Get-Stage1-Status.ps1","1266","6F2610F231D47EA58A61FDDDA9739394EE5BCC4EEDBB997C0FB5570296173FEB","SourceOrDocumentation"
"Hydroponic_IoT_ESP32","Git source of record","03_Edge_Server\mqtt_backend\staging\stage1\mosquitto.stage1.conf.example","241","7B97F282C76A393F591F6B29D20C859B9C33779577811EF1F7C3A90CC0D247C6","SourceOrDocumentation"
"Hydroponic_IoT_ESP32","Git source of record","03_Edge_Server\mqtt_backend\staging\stage1\README.md","1477","2C06213E8BD58456E974200E51760E82A4A35B617667745F16F372EE7D692024","SourceOrDocumentation"
"Hydroponic_IoT_ESP32","Git source of record","03_Edge_Server\mqtt_backend\staging\stage1\Reset-Stage1-Preflight.ps1","799","8E82DF43F8AABDD30317334DE4538E01A6133AE3DBBE54835AA578CBE50D586D","SourceOrDocumentation"
"Hydroponic_IoT_ESP32","Git source of record","03_Edge_Server\mqtt_backend\staging\stage1\runStage1PreflightChecks.js","6861","F48419AB9998660CEC055163D39F48C438D86040FEEBDECC04086A4A48624F54","SourceOrDocumentation"
"Hydroponic_IoT_ESP32","Git source of record","03_Edge_Server\mqtt_backend\staging\stage1\Stage1.Common.ps1","3538","79BC0425194A44A00091344512637ED044EA559CA5DB12FBECE5E13ADA8E00D3","SourceOrDocumentation"
"Hydroponic_IoT_ESP32","Git source of record","03_Edge_Server\mqtt_backend\staging\stage1\Start-Stage1-Preflight.ps1","8541","77692019BFF4FF3B46158FF17F424B65CEFD836F2C5C0C1E31E3E5C0D816A846","SourceOrDocumentation"
"Hydroponic_IoT_ESP32","Git source of record","03_Edge_Server\mqtt_backend\staging\stage1\Stop-Stage1-Preflight.ps1","1511","40672BEEF1461152412C8286854B3FE44AC7B521D6E1869396106A1D2BAB785C","SourceOrDocumentation"
"Hydroponic_IoT_ESP32","Git source of record","03_Edge_Server\mqtt_backend\staging\Start-Staging.ps1","4828","C415285571ABB87ABF884E290C5D47558FD692AD5BB7A61FF46F7C8951FDDA32","SourceOrDocumentation"
"Hydroponic_IoT_ESP32","Git source of record","03_Edge_Server\mqtt_backend\staging\Stop-Staging.ps1","1340","603F88600B45D92576149E097051610A205F33CA15A61280F8CF45955880A5A7","SourceOrDocumentation"
"Hydroponic_IoT_ESP32","Git source of record","03_Edge_Server\mqtt_backend\test\autoDosingSafety.test.js","4448","D06C0341F44A9790D3FC0C6BC8E63204093965D6CA0BBB7CAEC670C71CFE125E","SourceOrDocumentation"
"Hydroponic_IoT_ESP32","Git source of record","03_Edge_Server\mqtt_backend\test\dashboardContract.test.js","6440","6B9D16A0A7C2307C4AC8DB8E4CE4A5936F40D90A53352EB17F1BC551DDF52AC9","SourceOrDocumentation"
"Hydroponic_IoT_ESP32","Git source of record","03_Edge_Server\mqtt_backend\test\fixtures\stage1_actuator_lock_host_test.cpp","602","16DA9E657A0CA38B4D32F89177108D8D1028C5F5BE4A1F7465E4DF468A172176","SourceOrDocumentation"
"Hydroponic_IoT_ESP32","Git source of record","03_Edge_Server\mqtt_backend\test\fixtures\telemetry_firmware_host_test.cpp","815","4EE7B82D8F2A4D2FA9982F1F510EE66EC372B0F583E99AE9F0214893C0E61B46","SourceOrDocumentation"
"Hydroponic_IoT_ESP32","Git source of record","03_Edge_Server\mqtt_backend\test\phase21FixBehavior.test.js","17563","5477BEBBB55A59CD3FF1433BDAD2C0A1EEE576F70CC7BC5DB295386B2636DD1B","SourceOrDocumentation"
"Hydroponic_IoT_ESP32","Git source of record","03_Edge_Server\mqtt_backend\test\phase22aFix1.test.js","9690","835DD6FBD45C4BD1DA8ED0D38DAC277592EA9559DAF3E9CAAA45722D14A3D007","SourceOrDocumentation"
"Hydroponic_IoT_ESP32","Git source of record","03_Edge_Server\mqtt_backend\test\phase22Pipeline.test.js","9545","A4BF2038C6683AAE3A0A2197A2F2772C083C52D66D251A990C5F6B59455C3DC1","SourceOrDocumentation"
"Hydroponic_IoT_ESP32","Git source of record","03_Edge_Server\mqtt_backend\test\phase22ShadowEngine.test.js","7584","DCBF33BB62288231FC61D491B722991F361E257FA8F3C4AD345AF39D00B36FD7","SourceOrDocumentation"
"Hydroponic_IoT_ESP32","Git source of record","03_Edge_Server\mqtt_backend\test\phase22TelemetryIdentity.test.js","11264","ECD4F2736B37104B83E49E5783618DBC5810499AD669DCB77055D3EDE40304C0","SourceOrDocumentation"
"Hydroponic_IoT_ESP32","Git source of record","03_Edge_Server\mqtt_backend\test\stabilityMigration.test.js","8008","C1FBDC9B2711C7240FE1C65DE7BE6E0F6B1115349E97D62389872EA6B0424E0B","SourceOrDocumentation"
"Hydroponic_IoT_ESP32","Git source of record","03_Edge_Server\mqtt_backend\test\stage0Safety.test.js","1450","467FAB93B8945E3E3F0E2A37A21208D896E55EF96AF3A678CCEFDCFF0B34A4A1","SourceOrDocumentation"
"Hydroponic_IoT_ESP32","Git source of record","03_Edge_Server\mqtt_backend\test\stage1PreflightSafety.test.js","4267","D1705C02FE537B67FAB0627E2BF8E8B7C8C97097A10D6A0B8F21CA627928886E","SourceOrDocumentation"
"Hydroponic_IoT_ESP32","Git source of record","03_Edge_Server\mqtt_backend\test\tdsCalibration.test.js","6425","9F130C925514BB3244B332FDFCA4CE64A9AF94EFDCFFB91BA724C105B49ED3BE","SourceOrDocumentation"
"Hydroponic_IoT_ESP32","Git source of record","03_Edge_Server\mqtt_backend\testSupport\fakeMongo.js","8724","1C0ADEFCBA6DCF6502071A727E97BB54265DA29CA89E85925DABAD8E79F19901","SourceOrDocumentation"
"Hydroponic_IoT_ESP32","Git source of record","03_Edge_Server\README.md","617","9FEBD8ECC121B4975553F91075B8E927478923E5239E43CC8E794CE1F9D4033B","SourceOrDocumentation"
"Hydroponic_IoT_ESP32","Git source of record","04_Database\mongodb_schema.md","1333","10C687084033F6E9A31F1E36A89F8BD182A4875AA1416FEB1295F6F1039C9A0B","SourceOrDocumentation"
"Hydroponic_IoT_ESP32","Git source of record","04_Database\sample_payload.json","529","A087DA777E8B9F86A27034E3409AA1A9D4262EC6CC7F901DA16DDF3D22355D0C","SourceOrDocumentation"
"Hydroponic_IoT_ESP32","Git source of record","05_Calibration_Data\notes.txt","217","D6E1953E1C28E3E929CE75CABE038137C2C9E7340C091AF19AC338E98D278477","SourceOrDocumentation"
"Hydroponic_IoT_ESP32","Git source of record","05_Calibration_Data\pump_A_calibration.csv","65","BCD7B1C82803F4332DA3196F66EF9EB5F08ADDEE9576309558900336272D8635","SourceOrDocumentation"
"Hydroponic_IoT_ESP32","Git source of record","05_Calibration_Data\pump_B_calibration.csv","65","BCD7B1C82803F4332DA3196F66EF9EB5F08ADDEE9576309558900336272D8635","SourceOrDocumentation"
"Hydroponic_IoT_ESP32","Git source of record","05_Calibration_Data\tds_calibration.csv","64","2991E8B145E4AC2938D53C6B156B8D995DF3A8DCB165E9E47B65EFA06E2762F9","SourceOrDocumentation"
"Hydroponic_IoT_ESP32","Git source of record","CODEX_PHASE21_FIX1_FINAL_REPORT.md","22424","4BE903CFBAACBFA81448B37A3A4EB5148E2863EE03D0D72CE5D4507F26CDF9A8","SourceOrDocumentation"
"Hydroponic_IoT_ESP32","Git source of record","CODEX_PHASE21_FIX2_FINAL_REPORT.md","15051","398352EC2E21719D69554F0C035277958478ACFC20079E321F98935F443E08F6","SourceOrDocumentation"
"Hydroponic_IoT_ESP32","Git source of record","CODEX_PHASE22A_FINAL_REPORT.md","27850","FC14F1E25C244346776FDC7DDCB76A4693A22EE995F7C4F9FCB1E9BB219EB3B4","SourceOrDocumentation"
"Hydroponic_IoT_ESP32","Git source of record","Hydroponic_IoT_ESP32_PHASE21_FIX2_REVIEW.zip","182896","EBE94FC677542B2C166BC65C0A841DEB726502FB0A88B300E0C4260406A7C8B9","ArchiveCleanupCandidate"
"Hydroponic_IoT_ESP32","Git source of record","Hydroponic_IoT_ESP32_PHASE22A_REVIEW.zip","224362","F50FAC97969C431EC41EF2C22F1CAF1D043D0D5EDC5E78BBE1FAC02F3811A5E4","ArchiveCleanupCandidate"
"Hydroponic_IoT_ESP32","Git source of record","README.md","5135","12DDFDB71CF6D01E27181CEC48A2A725C3C844E1C94E8B94190C358AB02CDFB1","SourceOrDocumentation"
"Hydroponic_IoT_ESP32_PHASE22A_FIX1_ORIGINAL_COMPARE","Phase 22A Fix 1 comparison snapshot",".gitignore","67","AE68F318FA668DA7CC94DE08FA308C37EBD416DD44738920849F75D87A830154","SourceOrDocumentation"
"Hydroponic_IoT_ESP32_PHASE22A_FIX1_ORIGINAL_COMPARE","Phase 22A Fix 1 comparison snapshot","00_Docs\archive\phase20\PHASE_20B_REVIEW_PACKAGE.md","36202","2D6F0CD39ABA4CA807ED4ED9C687178CCA5B47F6340F7D21EB664A22639DBB89","SourceOrDocumentation"
"Hydroponic_IoT_ESP32_PHASE22A_FIX1_ORIGINAL_COMPARE","Phase 22A Fix 1 comparison snapshot","00_Docs\archive\phase20\PHASE_20C_REVIEW_PACKAGE.md","8453","30775835E4EDAF68D53010CB637DE3BF2536E3F31BD3D85EA9963A8015D9FBDA","SourceOrDocumentation"
"Hydroponic_IoT_ESP32_PHASE22A_FIX1_ORIGINAL_COMPARE","Phase 22A Fix 1 comparison snapshot","00_Docs\archive\phase20\PHASE_20D_REVIEW_PACKAGE.md","5035","87D317833B52E132C42B04BEAF71C3BDC26F0F9A027F426945ABB53138B93987","SourceOrDocumentation"
"Hydroponic_IoT_ESP32_PHASE22A_FIX1_ORIGINAL_COMPARE","Phase 22A Fix 1 comparison snapshot","00_Docs\CODEX_INSTRUCTIONS.md","1026","C617F0928988182A86B58480F3E72EA35CB3549FFFFE0111924C22E28F7931C6","SourceOrDocumentation"
"Hydroponic_IoT_ESP32_PHASE22A_FIX1_ORIGINAL_COMPARE","Phase 22A Fix 1 comparison snapshot","00_Docs\Database_Schema.md","3751","9D46A5C57212FE71A6F89CE4C3C5BC94CA74D8D51B2B0BC5C5F7772DB663EA60","SourceOrDocumentation"
"Hydroponic_IoT_ESP32_PHASE22A_FIX1_ORIGINAL_COMPARE","Phase 22A Fix 1 comparison snapshot","00_Docs\DEMO_CHECKLIST_AUTO_DOSING.md","4897","FAF24107744BB8F5921C6D29064F1C1A34AA437B32D940577AFE8B82203B9193","SourceOrDocumentation"
"Hydroponic_IoT_ESP32_PHASE22A_FIX1_ORIGINAL_COMPARE","Phase 22A Fix 1 comparison snapshot","00_Docs\EC_TDS_Calibration.md","2027","0178EE22BE9F5FF8C53481C80EA5DE977EB1B080917E59FC0B335F617C75D31B","SourceOrDocumentation"
"Hydroponic_IoT_ESP32_PHASE22A_FIX1_ORIGINAL_COMPARE","Phase 22A Fix 1 comparison snapshot","00_Docs\MAIN_REPORT_PHASE20D_DOCX_UPDATE_REVIEW.md","6298","F9E2A07AC226B897D80AF89C58684A7C1C34E31ABB04B9A1B314189A1DA3C302","SourceOrDocumentation"
"Hydroponic_IoT_ESP32_PHASE22A_FIX1_ORIGINAL_COMPARE","Phase 22A Fix 1 comparison snapshot","00_Docs\MQTT_Topics.md","665","8C31A1DB609C1AED5945F9D50EC909F4FAD32FC4193E2CCDA54755B95519DEC7","SourceOrDocumentation"
"Hydroponic_IoT_ESP32_PHASE22A_FIX1_ORIGINAL_COMPARE","Phase 22A Fix 1 comparison snapshot","00_Docs\Payload_Format.md","2984","3A1BE20708ED89BA9BEB80F54A6B11FBA08E048C44E3CD08B20814D28FEFD9DD","SourceOrDocumentation"
"Hydroponic_IoT_ESP32_PHASE22A_FIX1_ORIGINAL_COMPARE","Phase 22A Fix 1 comparison snapshot","00_Docs\Pin_Map.md","3896","07D5A0BDBF392D51443A56C6BC1215EFFE91016556DD9EAF529196D949895043","SourceOrDocumentation"
"Hydroponic_IoT_ESP32_PHASE22A_FIX1_ORIGINAL_COMPARE","Phase 22A Fix 1 comparison snapshot","00_Docs\PROJECT_PLAN.md","2724","EE634CF620E3F7254B129AA1EAFD9B3118080EA1FF349C274AC2E9156665EAE2","SourceOrDocumentation"
"Hydroponic_IoT_ESP32_PHASE22A_FIX1_ORIGINAL_COMPARE","Phase 22A Fix 1 comparison snapshot","00_Docs\PROJECT_STATUS_REPORT.md","29160","57EECD8C4B20CD2183DC93411BE3A686609FED0281138E7110C44624B43AEC78","SourceOrDocumentation"
"Hydroponic_IoT_ESP32_PHASE22A_FIX1_ORIGINAL_COMPARE","Phase 22A Fix 1 comparison snapshot","00_Docs\Pump_Calibration.md","613","CEF3D80D7980F343E796C4E47B40D61F94F00414D639ED47D040F2560C8A49C3","SourceOrDocumentation"
"Hydroponic_IoT_ESP32_PHASE22A_FIX1_ORIGINAL_COMPARE","Phase 22A Fix 1 comparison snapshot","00_Docs\Telemetry_Identity_Shadow_Mode.md","7487","7041D1AE28D5E333A67D5338B837019ED24FE26434F1CB0B73D9BE68E34557B2","SourceOrDocumentation"
"Hydroponic_IoT_ESP32_PHASE22A_FIX1_ORIGINAL_COMPARE","Phase 22A Fix 1 comparison snapshot","00_Docs\Wiring_Checklist.md","3342","468C0C88695AE92B9FEE3A728E6058018C1889563E83E9BF3CD85BCA140E8642","SourceOrDocumentation"
"Hydroponic_IoT_ESP32_PHASE22A_FIX1_ORIGINAL_COMPARE","Phase 22A Fix 1 comparison snapshot","01_ESP32_Test_Sketches\T01_Blink_Serial\T01_Blink_Serial.ino","1661","4DBB0C2556B96387EBA1F9DC14A5906940B8AF712EF2BBA86910AC0DF2DD56A9","SourceOrDocumentation"
"Hydroponic_IoT_ESP32_PHASE22A_FIX1_ORIGINAL_COMPARE","Phase 22A Fix 1 comparison snapshot","01_ESP32_Test_Sketches\T02_TDS_SEN0244_Test\T02_TDS_SEN0244_Test.ino","2178","99D8F184E8241DAF2EC144FFEDB5D882BDD764A611CD6AF66186E0790D573BD8","SourceOrDocumentation"
"Hydroponic_IoT_ESP32_PHASE22A_FIX1_ORIGINAL_COMPARE","Phase 22A Fix 1 comparison snapshot","01_ESP32_Test_Sketches\T03_DS18B20_Test\T03_DS18B20_Test.ino","2082","8B8BBFA7E14431B5D86473A5984B272C5259DED467A6829A8FF041A21A527448","SourceOrDocumentation"
"Hydroponic_IoT_ESP32_PHASE22A_FIX1_ORIGINAL_COMPARE","Phase 22A Fix 1 comparison snapshot","01_ESP32_Test_Sketches\T04_Water_Level_Float_Test\T04_Water_Level_Float_Test.ino","1737","1EC62F615A8AE082EDA037DC036633977B751F7E0C470D90120D87BD11DC6EC8","SourceOrDocumentation"
"Hydroponic_IoT_ESP32_PHASE22A_FIX1_ORIGINAL_COMPARE","Phase 22A Fix 1 comparison snapshot","01_ESP32_Test_Sketches\T05_MOSFET_4CH_Test\T05_MOSFET_4CH_Test.ino","3459","88C2792CA4B021E438ED17522D37F5464F2CBB90678D0A57E3A2744F6AD20496","SourceOrDocumentation"
"Hydroponic_IoT_ESP32_PHASE22A_FIX1_ORIGINAL_COMPARE","Phase 22A Fix 1 comparison snapshot","01_ESP32_Test_Sketches\T06_Pump_Main_Test\T06_Pump_Main_Test.ino","2238","513FC2855A4769D7E0246DAC1C5112371C2D93E72721F91229A26AF6094A0F8B","SourceOrDocumentation"
"Hydroponic_IoT_ESP32_PHASE22A_FIX1_ORIGINAL_COMPARE","Phase 22A Fix 1 comparison snapshot","01_ESP32_Test_Sketches\T07_Pump_A_B_Test\T07_Pump_A_B_Test.ino","3593","A2476AE79A3136131AE7EAEFAEDF60EE5252D0B1D54F441F87663D073074D8BB","SourceOrDocumentation"
"Hydroponic_IoT_ESP32_PHASE22A_FIX1_ORIGINAL_COMPARE","Phase 22A Fix 1 comparison snapshot","01_ESP32_Test_Sketches\T08_All_Hardware_Test\T08_All_Hardware_Test.ino","9623","A7B8DB2AA5B4EB871A4CD9854C32EBBA8CE7BEBCB72ABADCEFC700E34834F341","SourceOrDocumentation"
"Hydroponic_IoT_ESP32_PHASE22A_FIX1_ORIGINAL_COMPARE","Phase 22A Fix 1 comparison snapshot","02_ESP32_Main_Firmware\Hydroponic_Device001\Config.h","1760","D22C06182A6CF665B489E76E4EABD92A596D1B3574FC51D6E4AAB3DB52DF5A6D","SourceOrDocumentation"
"Hydroponic_IoT_ESP32_PHASE22A_FIX1_ORIGINAL_COMPARE","Phase 22A Fix 1 comparison snapshot","02_ESP32_Main_Firmware\Hydroponic_Device001\Hydroponic_Device001.ino","18958","03EDEF95DD4EA83C21E9DBC5C228C05EDA1D00856A90575D197FAACEABCDBA9B","SourceOrDocumentation"
"Hydroponic_IoT_ESP32_PHASE22A_FIX1_ORIGINAL_COMPARE","Phase 22A Fix 1 comparison snapshot","02_ESP32_Main_Firmware\Hydroponic_Device001\MqttService.cpp","3655","C57098A080C0423519CC95CA00C12710B8A5A35516478C06D78C9728E0248567","SourceOrDocumentation"
"Hydroponic_IoT_ESP32_PHASE22A_FIX1_ORIGINAL_COMPARE","Phase 22A Fix 1 comparison snapshot","02_ESP32_Main_Firmware\Hydroponic_Device001\MqttService.h","403","51D157967BA38D8B9C9024E834BE12B2CDA96B03CD4CA2895A1143A8AED7A074","SourceOrDocumentation"
"Hydroponic_IoT_ESP32_PHASE22A_FIX1_ORIGINAL_COMPARE","Phase 22A Fix 1 comparison snapshot","02_ESP32_Main_Firmware\Hydroponic_Device001\PayloadBuilder.cpp","5161","8C9E67312BF2E9BEB9811EE11BBC3D6C918C0E6A2EAEEE1800146989B651A984","SourceOrDocumentation"
"Hydroponic_IoT_ESP32_PHASE22A_FIX1_ORIGINAL_COMPARE","Phase 22A Fix 1 comparison snapshot","02_ESP32_Main_Firmware\Hydroponic_Device001\PayloadBuilder.h","509","45D95972695910141E9F7EECF4D59638AD6681BD5452746DC261AEFDB4EDA17E","SourceOrDocumentation"
"Hydroponic_IoT_ESP32_PHASE22A_FIX1_ORIGINAL_COMPARE","Phase 22A Fix 1 comparison snapshot","02_ESP32_Main_Firmware\Hydroponic_Device001\Pumps.cpp","1259","CD1D3A57CD1E4C9AB9AE71594D5824B1BC196929C15928678B5F41E71424E8B0","SourceOrDocumentation"
"Hydroponic_IoT_ESP32_PHASE22A_FIX1_ORIGINAL_COMPARE","Phase 22A Fix 1 comparison snapshot","02_ESP32_Main_Firmware\Hydroponic_Device001\Pumps.h","264","64F87209010C26E27398039A024113DA9725DBDEF848397E7793643D318C24D1","SourceOrDocumentation"
"Hydroponic_IoT_ESP32_PHASE22A_FIX1_ORIGINAL_COMPARE","Phase 22A Fix 1 comparison snapshot","02_ESP32_Main_Firmware\Hydroponic_Device001\Secrets.h.example","424","9F924ADB3E3C413A4E904CFEACA0E6B12BD44FAE82892238C754CF3370E72746","SourceOrDocumentation"
"Hydroponic_IoT_ESP32_PHASE22A_FIX1_ORIGINAL_COMPARE","Phase 22A Fix 1 comparison snapshot","02_ESP32_Main_Firmware\Hydroponic_Device001\Sensors.cpp","4155","67A312838D90C18A405007E9304EFB34FB97AD5C7DA5975E5FD4AE1DBF006A30","SourceOrDocumentation"
"Hydroponic_IoT_ESP32_PHASE22A_FIX1_ORIGINAL_COMPARE","Phase 22A Fix 1 comparison snapshot","02_ESP32_Main_Firmware\Hydroponic_Device001\Sensors.h","378","D633339E34E947574976A5FD4B4A174DB0ACA0389B5F37C6290F3D9D99C3DAF1","SourceOrDocumentation"
"Hydroponic_IoT_ESP32_PHASE22A_FIX1_ORIGINAL_COMPARE","Phase 22A Fix 1 comparison snapshot","02_ESP32_Main_Firmware\Hydroponic_Device001\TelemetryIdentity.cpp","1068","BE2651EE8C950D9EAF6514FD6ECEFE4A26699B347232D86D14D5C9066B2799C9","SourceOrDocumentation"
"Hydroponic_IoT_ESP32_PHASE22A_FIX1_ORIGINAL_COMPARE","Phase 22A Fix 1 comparison snapshot","02_ESP32_Main_Firmware\Hydroponic_Device001\TelemetryIdentity.h","402","6FB7B85FCB3AC66E1F82BF88B021A384A29B81072469DDB3E76043B65C3AC365","SourceOrDocumentation"
"Hydroponic_IoT_ESP32_PHASE22A_FIX1_ORIGINAL_COMPARE","Phase 22A Fix 1 comparison snapshot","02_ESP32_Main_Firmware\Hydroponic_Device001\TelemetryPublishState.h","768","51DCFDCB23495800B0998F362B38814DA4AEED5A059D7B2D84EECF4CB62E5EBE","SourceOrDocumentation"
"Hydroponic_IoT_ESP32_PHASE22A_FIX1_ORIGINAL_COMPARE","Phase 22A Fix 1 comparison snapshot","02_ESP32_Main_Firmware\Hydroponic_Device001\TelemetrySequence.h","390","8DFB502DB6E99107F62FE5FE5CB4A9513E167961E630F99F249D64C9ACD9CCB9","SourceOrDocumentation"
"Hydroponic_IoT_ESP32_PHASE22A_FIX1_ORIGINAL_COMPARE","Phase 22A Fix 1 comparison snapshot","03_Edge_Server\mqtt_backend\.env.example","976","D8BFAB953504CAC7BB93DCA1684E6862D052AD874C71CCF0810873743A8D8391","SourceOrDocumentation"
"Hydroponic_IoT_ESP32_PHASE22A_FIX1_ORIGINAL_COMPARE","Phase 22A Fix 1 comparison snapshot","03_Edge_Server\mqtt_backend\package.json","447","01D3E6CA3F9C13E997F80760FC3B415D00CFECE7E7775A8609A16CC9AF13DA1C","SourceOrDocumentation"
"Hydroponic_IoT_ESP32_PHASE22A_FIX1_ORIGINAL_COMPARE","Phase 22A Fix 1 comparison snapshot","03_Edge_Server\mqtt_backend\package-lock.json","56295","F8CD984BD4AD8DE411132064FF00ED0ACC4C8D4B8BB9E3531323BCFA8D0D7E63","SourceOrDocumentation"
"Hydroponic_IoT_ESP32_PHASE22A_FIX1_ORIGINAL_COMPARE","Phase 22A Fix 1 comparison snapshot","03_Edge_Server\mqtt_backend\public\app.js","74231","890C4C4E156B5CD71BCF8711329449E2ADC4C6DB3CC74D8A3E3CAA82B1377740","SourceOrDocumentation"
"Hydroponic_IoT_ESP32_PHASE22A_FIX1_ORIGINAL_COMPARE","Phase 22A Fix 1 comparison snapshot","03_Edge_Server\mqtt_backend\public\index.html","55237","F3FAD8E4CF20D52A67B8A2404A3755B06FCC595E7FECDB2866E8D613662E9137","SourceOrDocumentation"
"Hydroponic_IoT_ESP32_PHASE22A_FIX1_ORIGINAL_COMPARE","Phase 22A Fix 1 comparison snapshot","03_Edge_Server\mqtt_backend\public\styles.css","15274","9AC434109D9A4D8EE945A9E5C802E481FC673CE04ADFBF43D0EDF3119DEB344C","SourceOrDocumentation"
"Hydroponic_IoT_ESP32_PHASE22A_FIX1_ORIGINAL_COMPARE","Phase 22A Fix 1 comparison snapshot","03_Edge_Server\mqtt_backend\README.md","32807","54441301820FA8540DB8DDFA3FD640A6A40C79964B269918DE001838F2617FCD","SourceOrDocumentation"
"Hydroponic_IoT_ESP32_PHASE22A_FIX1_ORIGINAL_COMPARE","Phase 22A Fix 1 comparison snapshot","03_Edge_Server\mqtt_backend\scripts\migrateLegacyTdsCalibrations.js","2476","F69DD0618E67B9CFCF8EC5E8B5D6A3429C9BF61CE49B875214C7FB9047649F75","SourceOrDocumentation"
"Hydroponic_IoT_ESP32_PHASE22A_FIX1_ORIGINAL_COMPARE","Phase 22A Fix 1 comparison snapshot","03_Edge_Server\mqtt_backend\src\config\phase22Config.js","748","26BA55A693FEF9F48EFE5AE1F315B7A8093D098E6111AA080374B6039049FD4C","SourceOrDocumentation"
"Hydroponic_IoT_ESP32_PHASE22A_FIX1_ORIGINAL_COMPARE","Phase 22A Fix 1 comparison snapshot","03_Edge_Server\mqtt_backend\src\config\tdsQualityConfig.js","1767","D080F4AB45FF37407C44FBE862C9A2BCCF4F99AC98F83AFB510BB721B880C765","SourceOrDocumentation"
"Hydroponic_IoT_ESP32_PHASE22A_FIX1_ORIGINAL_COMPARE","Phase 22A Fix 1 comparison snapshot","03_Edge_Server\mqtt_backend\src\httpServer.js","1280","75AF5B311321B291C3E5AE2945416F9074F9187C742DE21A730F2FDBFBE094CA","SourceOrDocumentation"
"Hydroponic_IoT_ESP32_PHASE22A_FIX1_ORIGINAL_COMPARE","Phase 22A Fix 1 comparison snapshot","03_Edge_Server\mqtt_backend\src\index.js","1143","C1D7AAFB9B7467E4D595CDEFD02E6321E9F6E65E8B203608198BA8E68B626DAC","SourceOrDocumentation"
"Hydroponic_IoT_ESP32_PHASE22A_FIX1_ORIGINAL_COMPARE","Phase 22A Fix 1 comparison snapshot","03_Edge_Server\mqtt_backend\src\mongoClient.js","4680","B498939A5ADC66B88F59664ED42B0FC103432195C20CAC5B045937B5974C9BBF","SourceOrDocumentation"
"Hydroponic_IoT_ESP32_PHASE22A_FIX1_ORIGINAL_COMPARE","Phase 22A Fix 1 comparison snapshot","03_Edge_Server\mqtt_backend\src\mqttClient.js","3582","C232E2255CC56ED9E95465C0DC1A6F1BC457ABA63537C01A09D4B55540338D05","SourceOrDocumentation"
"Hydroponic_IoT_ESP32_PHASE22A_FIX1_ORIGINAL_COMPARE","Phase 22A Fix 1 comparison snapshot","03_Edge_Server\mqtt_backend\src\routes\deviceRoutes.js","18569","11DCF6B7DC630479F3B1ECB8AC705A5B6AF1B3A0B1D27A21CC682C2E9C9B6A22","SourceOrDocumentation"
"Hydroponic_IoT_ESP32_PHASE22A_FIX1_ORIGINAL_COMPARE","Phase 22A Fix 1 comparison snapshot","03_Edge_Server\mqtt_backend\src\services\alertService.js","3768","C97B2176978630542D46F4CC66350C4B318F81F5AD23E6170802BCA821DD955F","SourceOrDocumentation"
"Hydroponic_IoT_ESP32_PHASE22A_FIX1_ORIGINAL_COMPARE","Phase 22A Fix 1 comparison snapshot","03_Edge_Server\mqtt_backend\src\services\autoDosingEventService.js","4907","C2678479B4EAB467481ED343CCF671A2686EC2A017AB54BC3B04DCBA83DA57D7","SourceOrDocumentation"
"Hydroponic_IoT_ESP32_PHASE22A_FIX1_ORIGINAL_COMPARE","Phase 22A Fix 1 comparison snapshot","03_Edge_Server\mqtt_backend\src\services\autoDosingReadinessService.js","2851","3C4321B5E9E7A239229766B645C2B9959F7459392A2ABC9AF4C28A8D69BEFA84","SourceOrDocumentation"
"Hydroponic_IoT_ESP32_PHASE22A_FIX1_ORIGINAL_COMPARE","Phase 22A Fix 1 comparison snapshot","03_Edge_Server\mqtt_backend\src\services\autoDosingService.js","40158","9BD80FF77B08909CE42C685D2CA4725FA812DF3336244D234C681C25AE3CF1C7","SourceOrDocumentation"
"Hydroponic_IoT_ESP32_PHASE22A_FIX1_ORIGINAL_COMPARE","Phase 22A Fix 1 comparison snapshot","03_Edge_Server\mqtt_backend\src\services\deviceQueryService.js","1318","12CB9B22D8B5621FD66CDE9F77F5CA90AF47482CDC6530B43ACE7205D1A284F3","SourceOrDocumentation"
"Hydroponic_IoT_ESP32_PHASE22A_FIX1_ORIGINAL_COMPARE","Phase 22A Fix 1 comparison snapshot","03_Edge_Server\mqtt_backend\src\services\exportService.js","2883","B70B968CAEE34C784645A135965D1C0AAD6816CFC9F337D835546C0862E737C5","SourceOrDocumentation"
"Hydroponic_IoT_ESP32_PHASE22A_FIX1_ORIGINAL_COMPARE","Phase 22A Fix 1 comparison snapshot","03_Edge_Server\mqtt_backend\src\services\nutrientResponseService.js","5276","204C7DC377DCDCB849B24C28D674C3FE1F1A949BBAADFF34EDDEE295E68E4DB3","SourceOrDocumentation"
"Hydroponic_IoT_ESP32_PHASE22A_FIX1_ORIGINAL_COMPARE","Phase 22A Fix 1 comparison snapshot","03_Edge_Server\mqtt_backend\src\services\pumpCalibrationService.js","3201","07D83C84968AA1F6CD5412FF292BA3C52889DAB551AD45F3F6AFA080599D0987","SourceOrDocumentation"
"Hydroponic_IoT_ESP32_PHASE22A_FIX1_ORIGINAL_COMPARE","Phase 22A Fix 1 comparison snapshot","03_Edge_Server\mqtt_backend\src\services\pumpCommandService.js","3581","BE0A5EF06B1D25651D995FA2362370103FA4906D1F7A995859858DEC40B2AAB7","SourceOrDocumentation"
"Hydroponic_IoT_ESP32_PHASE22A_FIX1_ORIGINAL_COMPARE","Phase 22A Fix 1 comparison snapshot","03_Edge_Server\mqtt_backend\src\services\pumpLogService.js","4043","57FC9C8598655212921F25CD22E0B354C454D4E8C9AFC6AD4534CA765330751D","SourceOrDocumentation"
"Hydroponic_IoT_ESP32_PHASE22A_FIX1_ORIGINAL_COMPARE","Phase 22A Fix 1 comparison snapshot","03_Edge_Server\mqtt_backend\src\services\sensorLogService.js","14621","7808086BA537AF64C208FED335A51785A364C67D90BB080BE3CC2DEE666C595C","SourceOrDocumentation"
"Hydroponic_IoT_ESP32_PHASE22A_FIX1_ORIGINAL_COMPARE","Phase 22A Fix 1 comparison snapshot","03_Edge_Server\mqtt_backend\src\services\shadowDosingEngine.js","8002","A14BD4DCBAF1A9EAB7D4226922EF566B3EF440CC9B8425C9C7FFDA8B0B0E0DAE","SourceOrDocumentation"
"Hydroponic_IoT_ESP32_PHASE22A_FIX1_ORIGINAL_COMPARE","Phase 22A Fix 1 comparison snapshot","03_Edge_Server\mqtt_backend\src\services\shadowDosingService.js","5067","8138C46184E48D911AA93777CAF8D7A50C9B2E5147B3D9D8530EB44877C7C055","SourceOrDocumentation"
"Hydroponic_IoT_ESP32_PHASE22A_FIX1_ORIGINAL_COMPARE","Phase 22A Fix 1 comparison snapshot","03_Edge_Server\mqtt_backend\src\services\tdsCalibrationService.js","28922","70041A46B88828060446072CCC858ACC17CE988CD34883A066B12B2E4BD750A6","SourceOrDocumentation"
"Hydroponic_IoT_ESP32_PHASE22A_FIX1_ORIGINAL_COMPARE","Phase 22A Fix 1 comparison snapshot","03_Edge_Server\mqtt_backend\src\services\tdsQualityService.js","6579","7F70509F44BF5EE7B2516CD57663A46A4918317FC87474755F1C26C0472A6F6D","SourceOrDocumentation"
"Hydroponic_IoT_ESP32_PHASE22A_FIX1_ORIGINAL_COMPARE","Phase 22A Fix 1 comparison snapshot","03_Edge_Server\mqtt_backend\src\services\telemetryIdentityService.js","5092","2DF83BE7BB2CA8DC7B4CEFD404811A6178C1C62C86D8713A621319A7278D6F55","SourceOrDocumentation"
"Hydroponic_IoT_ESP32_PHASE22A_FIX1_ORIGINAL_COMPARE","Phase 22A Fix 1 comparison snapshot","03_Edge_Server\mqtt_backend\src\services\telemetryPipelineService.js","591","A29FF8D6047F5074F89D385F4A5FA80EEC2B12897BD05AAFBFDCA6C411CBD077","SourceOrDocumentation"
"Hydroponic_IoT_ESP32_PHASE22A_FIX1_ORIGINAL_COMPARE","Phase 22A Fix 1 comparison snapshot","03_Edge_Server\mqtt_backend\src\validators\autoDosingSettingsValidator.js","5003","77E0748EEAC7EEFE8083A07D79208F3F922D7EC6D132A83596D35FDD075850F6","SourceOrDocumentation"
"Hydroponic_IoT_ESP32_PHASE22A_FIX1_ORIGINAL_COMPARE","Phase 22A Fix 1 comparison snapshot","03_Edge_Server\mqtt_backend\src\validators\nutrientResponseTestValidator.js","5701","97DA964F5923A9D8DD1EA6D6F7CA8E96764E1488AC136169E7391D0F5D786E35","SourceOrDocumentation"
"Hydroponic_IoT_ESP32_PHASE22A_FIX1_ORIGINAL_COMPARE","Phase 22A Fix 1 comparison snapshot","03_Edge_Server\mqtt_backend\src\validators\pumpCalibrationValidator.js","2292","65CDAD783EFDFA0F9B8E6CC88A2627F17A76D9684964D976F06AD0C1E10FC14F","SourceOrDocumentation"
"Hydroponic_IoT_ESP32_PHASE22A_FIX1_ORIGINAL_COMPARE","Phase 22A Fix 1 comparison snapshot","03_Edge_Server\mqtt_backend\src\validators\pumpCommandValidator.js","2646","70102D24B89F9A83564D08F08CCAC0364C922E629CBB9993B76F19D0742E5288","SourceOrDocumentation"
"Hydroponic_IoT_ESP32_PHASE22A_FIX1_ORIGINAL_COMPARE","Phase 22A Fix 1 comparison snapshot","03_Edge_Server\mqtt_backend\src\validators\sensorPayloadValidator.js","5960","4E46800CA418E49689057BC83D540B0788C0A37347FF8947D96EF0C55F21E92E","SourceOrDocumentation"
"Hydroponic_IoT_ESP32_PHASE22A_FIX1_ORIGINAL_COMPARE","Phase 22A Fix 1 comparison snapshot","03_Edge_Server\mqtt_backend\src\validators\tdsCalibrationSetValidator.js","9018","D321879195A40C3838BCA515885E9C16ABDF51FAB6FB8F2DFA617BC4558C6CBC","SourceOrDocumentation"
"Hydroponic_IoT_ESP32_PHASE22A_FIX1_ORIGINAL_COMPARE","Phase 22A Fix 1 comparison snapshot","03_Edge_Server\mqtt_backend\src\validators\tdsCalibrationValidator.js","461","3B58ED004B84369148A91592BE5A9FC58727CC8FB4132BF86615F25308BABCBA","SourceOrDocumentation"
"Hydroponic_IoT_ESP32_PHASE22A_FIX1_ORIGINAL_COMPARE","Phase 22A Fix 1 comparison snapshot","03_Edge_Server\mqtt_backend\test\autoDosingSafety.test.js","4448","D06C0341F44A9790D3FC0C6BC8E63204093965D6CA0BBB7CAEC670C71CFE125E","SourceOrDocumentation"
"Hydroponic_IoT_ESP32_PHASE22A_FIX1_ORIGINAL_COMPARE","Phase 22A Fix 1 comparison snapshot","03_Edge_Server\mqtt_backend\test\dashboardContract.test.js","6440","6B9D16A0A7C2307C4AC8DB8E4CE4A5936F40D90A53352EB17F1BC551DDF52AC9","SourceOrDocumentation"
"Hydroponic_IoT_ESP32_PHASE22A_FIX1_ORIGINAL_COMPARE","Phase 22A Fix 1 comparison snapshot","03_Edge_Server\mqtt_backend\test\fixtures\telemetry_firmware_host_test.cpp","815","4EE7B82D8F2A4D2FA9982F1F510EE66EC372B0F583E99AE9F0214893C0E61B46","SourceOrDocumentation"
"Hydroponic_IoT_ESP32_PHASE22A_FIX1_ORIGINAL_COMPARE","Phase 22A Fix 1 comparison snapshot","03_Edge_Server\mqtt_backend\test\phase21FixBehavior.test.js","17563","5477BEBBB55A59CD3FF1433BDAD2C0A1EEE576F70CC7BC5DB295386B2636DD1B","SourceOrDocumentation"
"Hydroponic_IoT_ESP32_PHASE22A_FIX1_ORIGINAL_COMPARE","Phase 22A Fix 1 comparison snapshot","03_Edge_Server\mqtt_backend\test\phase22aFix1.test.js","8156","12AD75BE292F4D006F051C5D41B1247D2CB5AB220BEE997EA9CF4C867AA5500C","SourceOrDocumentation"
"Hydroponic_IoT_ESP32_PHASE22A_FIX1_ORIGINAL_COMPARE","Phase 22A Fix 1 comparison snapshot","03_Edge_Server\mqtt_backend\test\phase22Pipeline.test.js","9545","A4BF2038C6683AAE3A0A2197A2F2772C083C52D66D251A990C5F6B59455C3DC1","SourceOrDocumentation"
"Hydroponic_IoT_ESP32_PHASE22A_FIX1_ORIGINAL_COMPARE","Phase 22A Fix 1 comparison snapshot","03_Edge_Server\mqtt_backend\test\phase22ShadowEngine.test.js","7584","DCBF33BB62288231FC61D491B722991F361E257FA8F3C4AD345AF39D00B36FD7","SourceOrDocumentation"
"Hydroponic_IoT_ESP32_PHASE22A_FIX1_ORIGINAL_COMPARE","Phase 22A Fix 1 comparison snapshot","03_Edge_Server\mqtt_backend\test\phase22TelemetryIdentity.test.js","11264","ECD4F2736B37104B83E49E5783618DBC5810499AD669DCB77055D3EDE40304C0","SourceOrDocumentation"
"Hydroponic_IoT_ESP32_PHASE22A_FIX1_ORIGINAL_COMPARE","Phase 22A Fix 1 comparison snapshot","03_Edge_Server\mqtt_backend\test\stabilityMigration.test.js","8008","C1FBDC9B2711C7240FE1C65DE7BE6E0F6B1115349E97D62389872EA6B0424E0B","SourceOrDocumentation"
"Hydroponic_IoT_ESP32_PHASE22A_FIX1_ORIGINAL_COMPARE","Phase 22A Fix 1 comparison snapshot","03_Edge_Server\mqtt_backend\test\tdsCalibration.test.js","6425","9F130C925514BB3244B332FDFCA4CE64A9AF94EFDCFFB91BA724C105B49ED3BE","SourceOrDocumentation"
"Hydroponic_IoT_ESP32_PHASE22A_FIX1_ORIGINAL_COMPARE","Phase 22A Fix 1 comparison snapshot","03_Edge_Server\mqtt_backend\testSupport\fakeMongo.js","8724","1C0ADEFCBA6DCF6502071A727E97BB54265DA29CA89E85925DABAD8E79F19901","SourceOrDocumentation"
"Hydroponic_IoT_ESP32_PHASE22A_FIX1_ORIGINAL_COMPARE","Phase 22A Fix 1 comparison snapshot","03_Edge_Server\README.md","617","9FEBD8ECC121B4975553F91075B8E927478923E5239E43CC8E794CE1F9D4033B","SourceOrDocumentation"
"Hydroponic_IoT_ESP32_PHASE22A_FIX1_ORIGINAL_COMPARE","Phase 22A Fix 1 comparison snapshot","04_Database\mongodb_schema.md","1333","10C687084033F6E9A31F1E36A89F8BD182A4875AA1416FEB1295F6F1039C9A0B","SourceOrDocumentation"
"Hydroponic_IoT_ESP32_PHASE22A_FIX1_ORIGINAL_COMPARE","Phase 22A Fix 1 comparison snapshot","04_Database\sample_payload.json","529","A087DA777E8B9F86A27034E3409AA1A9D4262EC6CC7F901DA16DDF3D22355D0C","SourceOrDocumentation"
"Hydroponic_IoT_ESP32_PHASE22A_FIX1_ORIGINAL_COMPARE","Phase 22A Fix 1 comparison snapshot","05_Calibration_Data\notes.txt","217","D6E1953E1C28E3E929CE75CABE038137C2C9E7340C091AF19AC338E98D278477","SourceOrDocumentation"
"Hydroponic_IoT_ESP32_PHASE22A_FIX1_ORIGINAL_COMPARE","Phase 22A Fix 1 comparison snapshot","05_Calibration_Data\pump_A_calibration.csv","65","BCD7B1C82803F4332DA3196F66EF9EB5F08ADDEE9576309558900336272D8635","SourceOrDocumentation"
"Hydroponic_IoT_ESP32_PHASE22A_FIX1_ORIGINAL_COMPARE","Phase 22A Fix 1 comparison snapshot","05_Calibration_Data\pump_B_calibration.csv","65","BCD7B1C82803F4332DA3196F66EF9EB5F08ADDEE9576309558900336272D8635","SourceOrDocumentation"
"Hydroponic_IoT_ESP32_PHASE22A_FIX1_ORIGINAL_COMPARE","Phase 22A Fix 1 comparison snapshot","05_Calibration_Data\tds_calibration.csv","64","2991E8B145E4AC2938D53C6B156B8D995DF3A8DCB165E9E47B65EFA06E2762F9","SourceOrDocumentation"
"Hydroponic_IoT_ESP32_PHASE22A_FIX1_ORIGINAL_COMPARE","Phase 22A Fix 1 comparison snapshot","CODEX_PHASE21_FIX1_FINAL_REPORT.md","22424","4BE903CFBAACBFA81448B37A3A4EB5148E2863EE03D0D72CE5D4507F26CDF9A8","SourceOrDocumentation"
"Hydroponic_IoT_ESP32_PHASE22A_FIX1_ORIGINAL_COMPARE","Phase 22A Fix 1 comparison snapshot","CODEX_PHASE21_FIX2_FINAL_REPORT.md","15051","398352EC2E21719D69554F0C035277958478ACFC20079E321F98935F443E08F6","SourceOrDocumentation"
"Hydroponic_IoT_ESP32_PHASE22A_FIX1_ORIGINAL_COMPARE","Phase 22A Fix 1 comparison snapshot","README.md","3988","338C85E678F3CBE474C679B514EB9B6328F74B86E4E3D821A428C4EA3B8D56EF","SourceOrDocumentation"
"Hydroponic_IoT_ESP32_PHASE22A_FIX1_REAUDIT","Latest pre-consolidation source through Stage 1 Preflight",".gitignore","123","F379F95572C48499A809F91DDBB97FFE4A5A97F766D0BC90D052CD59B10F912F","SourceOrDocumentation"
"Hydroponic_IoT_ESP32_PHASE22A_FIX1_REAUDIT","Latest pre-consolidation source through Stage 1 Preflight","00_Docs\archive\phase20\PHASE_20B_REVIEW_PACKAGE.md","36202","2D6F0CD39ABA4CA807ED4ED9C687178CCA5B47F6340F7D21EB664A22639DBB89","SourceOrDocumentation"
"Hydroponic_IoT_ESP32_PHASE22A_FIX1_REAUDIT","Latest pre-consolidation source through Stage 1 Preflight","00_Docs\archive\phase20\PHASE_20C_REVIEW_PACKAGE.md","8453","30775835E4EDAF68D53010CB637DE3BF2536E3F31BD3D85EA9963A8015D9FBDA","SourceOrDocumentation"
"Hydroponic_IoT_ESP32_PHASE22A_FIX1_REAUDIT","Latest pre-consolidation source through Stage 1 Preflight","00_Docs\archive\phase20\PHASE_20D_REVIEW_PACKAGE.md","5035","87D317833B52E132C42B04BEAF71C3BDC26F0F9A027F426945ABB53138B93987","SourceOrDocumentation"
"Hydroponic_IoT_ESP32_PHASE22A_FIX1_REAUDIT","Latest pre-consolidation source through Stage 1 Preflight","00_Docs\CODEX_INSTRUCTIONS.md","1026","C617F0928988182A86B58480F3E72EA35CB3549FFFFE0111924C22E28F7931C6","SourceOrDocumentation"
"Hydroponic_IoT_ESP32_PHASE22A_FIX1_REAUDIT","Latest pre-consolidation source through Stage 1 Preflight","00_Docs\Database_Schema.md","3751","9D46A5C57212FE71A6F89CE4C3C5BC94CA74D8D51B2B0BC5C5F7772DB663EA60","SourceOrDocumentation"
"Hydroponic_IoT_ESP32_PHASE22A_FIX1_REAUDIT","Latest pre-consolidation source through Stage 1 Preflight","00_Docs\DEMO_CHECKLIST_AUTO_DOSING.md","4897","FAF24107744BB8F5921C6D29064F1C1A34AA437B32D940577AFE8B82203B9193","SourceOrDocumentation"
"Hydroponic_IoT_ESP32_PHASE22A_FIX1_REAUDIT","Latest pre-consolidation source through Stage 1 Preflight","00_Docs\EC_TDS_Calibration.md","2027","0178EE22BE9F5FF8C53481C80EA5DE977EB1B080917E59FC0B335F617C75D31B","SourceOrDocumentation"
"Hydroponic_IoT_ESP32_PHASE22A_FIX1_REAUDIT","Latest pre-consolidation source through Stage 1 Preflight","00_Docs\MAIN_REPORT_PHASE20D_DOCX_UPDATE_REVIEW.md","6298","F9E2A07AC226B897D80AF89C58684A7C1C34E31ABB04B9A1B314189A1DA3C302","SourceOrDocumentation"
"Hydroponic_IoT_ESP32_PHASE22A_FIX1_REAUDIT","Latest pre-consolidation source through Stage 1 Preflight","00_Docs\MQTT_Topics.md","665","8C31A1DB609C1AED5945F9D50EC909F4FAD32FC4193E2CCDA54755B95519DEC7","SourceOrDocumentation"
"Hydroponic_IoT_ESP32_PHASE22A_FIX1_REAUDIT","Latest pre-consolidation source through Stage 1 Preflight","00_Docs\Payload_Format.md","2984","3A1BE20708ED89BA9BEB80F54A6B11FBA08E048C44E3CD08B20814D28FEFD9DD","SourceOrDocumentation"
"Hydroponic_IoT_ESP32_PHASE22A_FIX1_REAUDIT","Latest pre-consolidation source through Stage 1 Preflight","00_Docs\Pin_Map.md","3896","07D5A0BDBF392D51443A56C6BC1215EFFE91016556DD9EAF529196D949895043","SourceOrDocumentation"
"Hydroponic_IoT_ESP32_PHASE22A_FIX1_REAUDIT","Latest pre-consolidation source through Stage 1 Preflight","00_Docs\PROJECT_PLAN.md","2724","EE634CF620E3F7254B129AA1EAFD9B3118080EA1FF349C274AC2E9156665EAE2","SourceOrDocumentation"
"Hydroponic_IoT_ESP32_PHASE22A_FIX1_REAUDIT","Latest pre-consolidation source through Stage 1 Preflight","00_Docs\PROJECT_STATUS_REPORT.md","35041","FD8CC79A12F81937AE754BF7C83028161DE625F83123096A1BCB5288579C2D8D","SourceOrDocumentation"
"Hydroponic_IoT_ESP32_PHASE22A_FIX1_REAUDIT","Latest pre-consolidation source through Stage 1 Preflight","00_Docs\Pump_Calibration.md","613","CEF3D80D7980F343E796C4E47B40D61F94F00414D639ED47D040F2560C8A49C3","SourceOrDocumentation"
"Hydroponic_IoT_ESP32_PHASE22A_FIX1_REAUDIT","Latest pre-consolidation source through Stage 1 Preflight","00_Docs\Telemetry_Identity_Shadow_Mode.md","8695","0B020EAC2174E2EDF2969CF71F16A242685FE71154AAD30FAE5BCD9F6A4C27DD","SourceOrDocumentation"
"Hydroponic_IoT_ESP32_PHASE22A_FIX1_REAUDIT","Latest pre-consolidation source through Stage 1 Preflight","00_Docs\Wiring_Checklist.md","3342","468C0C88695AE92B9FEE3A728E6058018C1889563E83E9BF3CD85BCA140E8642","SourceOrDocumentation"
"Hydroponic_IoT_ESP32_PHASE22A_FIX1_REAUDIT","Latest pre-consolidation source through Stage 1 Preflight","01_ESP32_Test_Sketches\T01_Blink_Serial\T01_Blink_Serial.ino","1661","4DBB0C2556B96387EBA1F9DC14A5906940B8AF712EF2BBA86910AC0DF2DD56A9","SourceOrDocumentation"
"Hydroponic_IoT_ESP32_PHASE22A_FIX1_REAUDIT","Latest pre-consolidation source through Stage 1 Preflight","01_ESP32_Test_Sketches\T02_TDS_SEN0244_Test\T02_TDS_SEN0244_Test.ino","2178","99D8F184E8241DAF2EC144FFEDB5D882BDD764A611CD6AF66186E0790D573BD8","SourceOrDocumentation"
"Hydroponic_IoT_ESP32_PHASE22A_FIX1_REAUDIT","Latest pre-consolidation source through Stage 1 Preflight","01_ESP32_Test_Sketches\T03_DS18B20_Test\T03_DS18B20_Test.ino","2082","8B8BBFA7E14431B5D86473A5984B272C5259DED467A6829A8FF041A21A527448","SourceOrDocumentation"
"Hydroponic_IoT_ESP32_PHASE22A_FIX1_REAUDIT","Latest pre-consolidation source through Stage 1 Preflight","01_ESP32_Test_Sketches\T04_Water_Level_Float_Test\T04_Water_Level_Float_Test.ino","1737","1EC62F615A8AE082EDA037DC036633977B751F7E0C470D90120D87BD11DC6EC8","SourceOrDocumentation"
"Hydroponic_IoT_ESP32_PHASE22A_FIX1_REAUDIT","Latest pre-consolidation source through Stage 1 Preflight","01_ESP32_Test_Sketches\T05_MOSFET_4CH_Test\T05_MOSFET_4CH_Test.ino","3459","88C2792CA4B021E438ED17522D37F5464F2CBB90678D0A57E3A2744F6AD20496","SourceOrDocumentation"
"Hydroponic_IoT_ESP32_PHASE22A_FIX1_REAUDIT","Latest pre-consolidation source through Stage 1 Preflight","01_ESP32_Test_Sketches\T06_Pump_Main_Test\T06_Pump_Main_Test.ino","2238","513FC2855A4769D7E0246DAC1C5112371C2D93E72721F91229A26AF6094A0F8B","SourceOrDocumentation"
"Hydroponic_IoT_ESP32_PHASE22A_FIX1_REAUDIT","Latest pre-consolidation source through Stage 1 Preflight","01_ESP32_Test_Sketches\T07_Pump_A_B_Test\T07_Pump_A_B_Test.ino","3593","A2476AE79A3136131AE7EAEFAEDF60EE5252D0B1D54F441F87663D073074D8BB","SourceOrDocumentation"
"Hydroponic_IoT_ESP32_PHASE22A_FIX1_REAUDIT","Latest pre-consolidation source through Stage 1 Preflight","01_ESP32_Test_Sketches\T08_All_Hardware_Test\T08_All_Hardware_Test.ino","9623","A7B8DB2AA5B4EB871A4CD9854C32EBBA8CE7BEBCB72ABADCEFC700E34834F341","SourceOrDocumentation"
"Hydroponic_IoT_ESP32_PHASE22A_FIX1_REAUDIT","Latest pre-consolidation source through Stage 1 Preflight","02_ESP32_Main_Firmware\Hydroponic_Device001\ActuatorSafety.h","325","FEF0AE966FD0003441633573FA2EC625C2459FEF73EF64651806AA1C6A173688","SourceOrDocumentation"
"Hydroponic_IoT_ESP32_PHASE22A_FIX1_REAUDIT","Latest pre-consolidation source through Stage 1 Preflight","02_ESP32_Main_Firmware\Hydroponic_Device001\BuildProfile.h","711","3F57C6CE61360156956189C1C4D949F4442DD9C31AAD80C6CF3A4411CED86CE3","SourceOrDocumentation"
"Hydroponic_IoT_ESP32_PHASE22A_FIX1_REAUDIT","Latest pre-consolidation source through Stage 1 Preflight","02_ESP32_Main_Firmware\Hydroponic_Device001\Config.h","2231","22C2A93F4ECC08BF962BD2BEE07BC708495A99A7CD0807BFB0C28E16AF4AD6FC","SourceOrDocumentation"
"Hydroponic_IoT_ESP32_PHASE22A_FIX1_REAUDIT","Latest pre-consolidation source through Stage 1 Preflight","02_ESP32_Main_Firmware\Hydroponic_Device001\Hydroponic_Device001.ino","20697","11BFCCE0ACC536A2D4506EA43060D02133772975785A136BD3C9B696087A304C","SourceOrDocumentation"
"Hydroponic_IoT_ESP32_PHASE22A_FIX1_REAUDIT","Latest pre-consolidation source through Stage 1 Preflight","02_ESP32_Main_Firmware\Hydroponic_Device001\MqttService.cpp","3909","A351B05702F6CB219AD5B89E29005D928FB7CFCE04D628E32A2DCA7527F96161","SourceOrDocumentation"
"Hydroponic_IoT_ESP32_PHASE22A_FIX1_REAUDIT","Latest pre-consolidation source through Stage 1 Preflight","02_ESP32_Main_Firmware\Hydroponic_Device001\MqttService.h","403","51D157967BA38D8B9C9024E834BE12B2CDA96B03CD4CA2895A1143A8AED7A074","SourceOrDocumentation"
"Hydroponic_IoT_ESP32_PHASE22A_FIX1_REAUDIT","Latest pre-consolidation source through Stage 1 Preflight","02_ESP32_Main_Firmware\Hydroponic_Device001\PayloadBuilder.cpp","5161","8C9E67312BF2E9BEB9811EE11BBC3D6C918C0E6A2EAEEE1800146989B651A984","SourceOrDocumentation"
"Hydroponic_IoT_ESP32_PHASE22A_FIX1_REAUDIT","Latest pre-consolidation source through Stage 1 Preflight","02_ESP32_Main_Firmware\Hydroponic_Device001\PayloadBuilder.h","509","45D95972695910141E9F7EECF4D59638AD6681BD5452746DC261AEFDB4EDA17E","SourceOrDocumentation"
"Hydroponic_IoT_ESP32_PHASE22A_FIX1_REAUDIT","Latest pre-consolidation source through Stage 1 Preflight","02_ESP32_Main_Firmware\Hydroponic_Device001\Pumps.cpp","1839","E4920CB3326DBED6C66444E415D9AD43AC394E476B266F95A65B0CB8736D5CD3","SourceOrDocumentation"
"Hydroponic_IoT_ESP32_PHASE22A_FIX1_REAUDIT","Latest pre-consolidation source through Stage 1 Preflight","02_ESP32_Main_Firmware\Hydroponic_Device001\Pumps.h","298","D90CB5C07214637EB5D567321E0D2F6CDAFB1149B53F3C08553AD1F43886B8F8","SourceOrDocumentation"
"Hydroponic_IoT_ESP32_PHASE22A_FIX1_REAUDIT","Latest pre-consolidation source through Stage 1 Preflight","02_ESP32_Main_Firmware\Hydroponic_Device001\Secrets.h.example","424","9F924ADB3E3C413A4E904CFEACA0E6B12BD44FAE82892238C754CF3370E72746","SourceOrDocumentation"
"Hydroponic_IoT_ESP32_PHASE22A_FIX1_REAUDIT","Latest pre-consolidation source through Stage 1 Preflight","02_ESP32_Main_Firmware\Hydroponic_Device001\SecretsStage1.h.example","437","F48ADD9EDE1895D4232C1A54DB0E8AF1986FB174A965EABC32C0A4EF514CCBE4","SourceOrDocumentation"
"Hydroponic_IoT_ESP32_PHASE22A_FIX1_REAUDIT","Latest pre-consolidation source through Stage 1 Preflight","02_ESP32_Main_Firmware\Hydroponic_Device001\Sensors.cpp","4155","67A312838D90C18A405007E9304EFB34FB97AD5C7DA5975E5FD4AE1DBF006A30","SourceOrDocumentation"
"Hydroponic_IoT_ESP32_PHASE22A_FIX1_REAUDIT","Latest pre-consolidation source through Stage 1 Preflight","02_ESP32_Main_Firmware\Hydroponic_Device001\Sensors.h","378","D633339E34E947574976A5FD4B4A174DB0ACA0389B5F37C6290F3D9D99C3DAF1","SourceOrDocumentation"
"Hydroponic_IoT_ESP32_PHASE22A_FIX1_REAUDIT","Latest pre-consolidation source through Stage 1 Preflight","02_ESP32_Main_Firmware\Hydroponic_Device001\TelemetryIdentity.cpp","1068","BE2651EE8C950D9EAF6514FD6ECEFE4A26699B347232D86D14D5C9066B2799C9","SourceOrDocumentation"
"Hydroponic_IoT_ESP32_PHASE22A_FIX1_REAUDIT","Latest pre-consolidation source through Stage 1 Preflight","02_ESP32_Main_Firmware\Hydroponic_Device001\TelemetryIdentity.h","402","6FB7B85FCB3AC66E1F82BF88B021A384A29B81072469DDB3E76043B65C3AC365","SourceOrDocumentation"
"Hydroponic_IoT_ESP32_PHASE22A_FIX1_REAUDIT","Latest pre-consolidation source through Stage 1 Preflight","02_ESP32_Main_Firmware\Hydroponic_Device001\TelemetryPublishState.h","768","51DCFDCB23495800B0998F362B38814DA4AEED5A059D7B2D84EECF4CB62E5EBE","SourceOrDocumentation"
"Hydroponic_IoT_ESP32_PHASE22A_FIX1_REAUDIT","Latest pre-consolidation source through Stage 1 Preflight","02_ESP32_Main_Firmware\Hydroponic_Device001\TelemetrySequence.h","390","8DFB502DB6E99107F62FE5FE5CB4A9513E167961E630F99F249D64C9ACD9CCB9","SourceOrDocumentation"
"Hydroponic_IoT_ESP32_PHASE22A_FIX1_REAUDIT","Latest pre-consolidation source through Stage 1 Preflight","03_Edge_Server\mqtt_backend\.env.example","976","D8BFAB953504CAC7BB93DCA1684E6862D052AD874C71CCF0810873743A8D8391","SourceOrDocumentation"
"Hydroponic_IoT_ESP32_PHASE22A_FIX1_REAUDIT","Latest pre-consolidation source through Stage 1 Preflight","03_Edge_Server\mqtt_backend\package.json","571","DB66DFD64350B6D148281DAC7F7F83E7433B5910AB54BC585DBF85F43C255529","SourceOrDocumentation"
"Hydroponic_IoT_ESP32_PHASE22A_FIX1_REAUDIT","Latest pre-consolidation source through Stage 1 Preflight","03_Edge_Server\mqtt_backend\package-lock.json","56295","F8CD984BD4AD8DE411132064FF00ED0ACC4C8D4B8BB9E3531323BCFA8D0D7E63","SourceOrDocumentation"
"Hydroponic_IoT_ESP32_PHASE22A_FIX1_REAUDIT","Latest pre-consolidation source through Stage 1 Preflight","03_Edge_Server\mqtt_backend\public\app.js","74231","890C4C4E156B5CD71BCF8711329449E2ADC4C6DB3CC74D8A3E3CAA82B1377740","SourceOrDocumentation"
"Hydroponic_IoT_ESP32_PHASE22A_FIX1_REAUDIT","Latest pre-consolidation source through Stage 1 Preflight","03_Edge_Server\mqtt_backend\public\index.html","55237","F3FAD8E4CF20D52A67B8A2404A3755B06FCC595E7FECDB2866E8D613662E9137","SourceOrDocumentation"
"Hydroponic_IoT_ESP32_PHASE22A_FIX1_REAUDIT","Latest pre-consolidation source through Stage 1 Preflight","03_Edge_Server\mqtt_backend\public\styles.css","15274","9AC434109D9A4D8EE945A9E5C802E481FC673CE04ADFBF43D0EDF3119DEB344C","SourceOrDocumentation"
"Hydroponic_IoT_ESP32_PHASE22A_FIX1_REAUDIT","Latest pre-consolidation source through Stage 1 Preflight","03_Edge_Server\mqtt_backend\README.md","32807","54441301820FA8540DB8DDFA3FD640A6A40C79964B269918DE001838F2617FCD","SourceOrDocumentation"
"Hydroponic_IoT_ESP32_PHASE22A_FIX1_REAUDIT","Latest pre-consolidation source through Stage 1 Preflight","03_Edge_Server\mqtt_backend\scripts\migrateLegacyTdsCalibrations.js","2476","F69DD0618E67B9CFCF8EC5E8B5D6A3429C9BF61CE49B875214C7FB9047649F75","SourceOrDocumentation"
"Hydroponic_IoT_ESP32_PHASE22A_FIX1_REAUDIT","Latest pre-consolidation source through Stage 1 Preflight","03_Edge_Server\mqtt_backend\src\config\phase22Config.js","748","26BA55A693FEF9F48EFE5AE1F315B7A8093D098E6111AA080374B6039049FD4C","SourceOrDocumentation"
"Hydroponic_IoT_ESP32_PHASE22A_FIX1_REAUDIT","Latest pre-consolidation source through Stage 1 Preflight","03_Edge_Server\mqtt_backend\src\config\tdsQualityConfig.js","1767","D080F4AB45FF37407C44FBE862C9A2BCCF4F99AC98F83AFB510BB721B880C765","SourceOrDocumentation"
"Hydroponic_IoT_ESP32_PHASE22A_FIX1_REAUDIT","Latest pre-consolidation source through Stage 1 Preflight","03_Edge_Server\mqtt_backend\src\httpServer.js","1461","6705B7B0E1317A2EB235FA1DD9625EBA4BEA217844C6BBAD84D8D7EF48109144","SourceOrDocumentation"
"Hydroponic_IoT_ESP32_PHASE22A_FIX1_REAUDIT","Latest pre-consolidation source through Stage 1 Preflight","03_Edge_Server\mqtt_backend\src\index.js","1143","C1D7AAFB9B7467E4D595CDEFD02E6321E9F6E65E8B203608198BA8E68B626DAC","SourceOrDocumentation"
"Hydroponic_IoT_ESP32_PHASE22A_FIX1_REAUDIT","Latest pre-consolidation source through Stage 1 Preflight","03_Edge_Server\mqtt_backend\src\mongoClient.js","4680","B498939A5ADC66B88F59664ED42B0FC103432195C20CAC5B045937B5974C9BBF","SourceOrDocumentation"
"Hydroponic_IoT_ESP32_PHASE22A_FIX1_REAUDIT","Latest pre-consolidation source through Stage 1 Preflight","03_Edge_Server\mqtt_backend\src\mqttClient.js","3931","6D038CE1E9DCAA70E483159593103738241AAE76A2D4E0A99B3EEB1536A18ADA","SourceOrDocumentation"
"Hydroponic_IoT_ESP32_PHASE22A_FIX1_REAUDIT","Latest pre-consolidation source through Stage 1 Preflight","03_Edge_Server\mqtt_backend\src\routes\deviceRoutes.js","18569","11DCF6B7DC630479F3B1ECB8AC705A5B6AF1B3A0B1D27A21CC682C2E9C9B6A22","SourceOrDocumentation"
"Hydroponic_IoT_ESP32_PHASE22A_FIX1_REAUDIT","Latest pre-consolidation source through Stage 1 Preflight","03_Edge_Server\mqtt_backend\src\services\alertService.js","3768","C97B2176978630542D46F4CC66350C4B318F81F5AD23E6170802BCA821DD955F","SourceOrDocumentation"
"Hydroponic_IoT_ESP32_PHASE22A_FIX1_REAUDIT","Latest pre-consolidation source through Stage 1 Preflight","03_Edge_Server\mqtt_backend\src\services\autoDosingEventService.js","4907","C2678479B4EAB467481ED343CCF671A2686EC2A017AB54BC3B04DCBA83DA57D7","SourceOrDocumentation"
"Hydroponic_IoT_ESP32_PHASE22A_FIX1_REAUDIT","Latest pre-consolidation source through Stage 1 Preflight","03_Edge_Server\mqtt_backend\src\services\autoDosingReadinessService.js","2851","3C4321B5E9E7A239229766B645C2B9959F7459392A2ABC9AF4C28A8D69BEFA84","SourceOrDocumentation"
"Hydroponic_IoT_ESP32_PHASE22A_FIX1_REAUDIT","Latest pre-consolidation source through Stage 1 Preflight","03_Edge_Server\mqtt_backend\src\services\autoDosingService.js","40158","9BD80FF77B08909CE42C685D2CA4725FA812DF3336244D234C681C25AE3CF1C7","SourceOrDocumentation"
"Hydroponic_IoT_ESP32_PHASE22A_FIX1_REAUDIT","Latest pre-consolidation source through Stage 1 Preflight","03_Edge_Server\mqtt_backend\src\services\deviceQueryService.js","1318","12CB9B22D8B5621FD66CDE9F77F5CA90AF47482CDC6530B43ACE7205D1A284F3","SourceOrDocumentation"
"Hydroponic_IoT_ESP32_PHASE22A_FIX1_REAUDIT","Latest pre-consolidation source through Stage 1 Preflight","03_Edge_Server\mqtt_backend\src\services\exportService.js","2883","B70B968CAEE34C784645A135965D1C0AAD6816CFC9F337D835546C0862E737C5","SourceOrDocumentation"
"Hydroponic_IoT_ESP32_PHASE22A_FIX1_REAUDIT","Latest pre-consolidation source through Stage 1 Preflight","03_Edge_Server\mqtt_backend\src\services\nutrientResponseService.js","5276","204C7DC377DCDCB849B24C28D674C3FE1F1A949BBAADFF34EDDEE295E68E4DB3","SourceOrDocumentation"
"Hydroponic_IoT_ESP32_PHASE22A_FIX1_REAUDIT","Latest pre-consolidation source through Stage 1 Preflight","03_Edge_Server\mqtt_backend\src\services\pumpCalibrationService.js","3201","07D83C84968AA1F6CD5412FF292BA3C52889DAB551AD45F3F6AFA080599D0987","SourceOrDocumentation"
"Hydroponic_IoT_ESP32_PHASE22A_FIX1_REAUDIT","Latest pre-consolidation source through Stage 1 Preflight","03_Edge_Server\mqtt_backend\src\services\pumpCommandService.js","3961","B84D4C876F1D4BB14FC68DD82EE9C41E1E8645360E768A44BA7D05763BCBF653","SourceOrDocumentation"
"Hydroponic_IoT_ESP32_PHASE22A_FIX1_REAUDIT","Latest pre-consolidation source through Stage 1 Preflight","03_Edge_Server\mqtt_backend\src\services\pumpLogService.js","4043","57FC9C8598655212921F25CD22E0B354C454D4E8C9AFC6AD4534CA765330751D","SourceOrDocumentation"
"Hydroponic_IoT_ESP32_PHASE22A_FIX1_REAUDIT","Latest pre-consolidation source through Stage 1 Preflight","03_Edge_Server\mqtt_backend\src\services\sensorLogService.js","15023","34D248AE55A79EE2505E4863B03D84C434216BB5244A34A0667C5AFC5AE64A67","SourceOrDocumentation"
"Hydroponic_IoT_ESP32_PHASE22A_FIX1_REAUDIT","Latest pre-consolidation source through Stage 1 Preflight","03_Edge_Server\mqtt_backend\src\services\shadowDosingEngine.js","8002","A14BD4DCBAF1A9EAB7D4226922EF566B3EF440CC9B8425C9C7FFDA8B0B0E0DAE","SourceOrDocumentation"
"Hydroponic_IoT_ESP32_PHASE22A_FIX1_REAUDIT","Latest pre-consolidation source through Stage 1 Preflight","03_Edge_Server\mqtt_backend\src\services\shadowDosingService.js","5067","8138C46184E48D911AA93777CAF8D7A50C9B2E5147B3D9D8530EB44877C7C055","SourceOrDocumentation"
"Hydroponic_IoT_ESP32_PHASE22A_FIX1_REAUDIT","Latest pre-consolidation source through Stage 1 Preflight","03_Edge_Server\mqtt_backend\src\services\tdsCalibrationService.js","28922","70041A46B88828060446072CCC858ACC17CE988CD34883A066B12B2E4BD750A6","SourceOrDocumentation"
"Hydroponic_IoT_ESP32_PHASE22A_FIX1_REAUDIT","Latest pre-consolidation source through Stage 1 Preflight","03_Edge_Server\mqtt_backend\src\services\tdsQualityService.js","6579","7F70509F44BF5EE7B2516CD57663A46A4918317FC87474755F1C26C0472A6F6D","SourceOrDocumentation"
"Hydroponic_IoT_ESP32_PHASE22A_FIX1_REAUDIT","Latest pre-consolidation source through Stage 1 Preflight","03_Edge_Server\mqtt_backend\src\services\telemetryIdentityService.js","5092","2DF83BE7BB2CA8DC7B4CEFD404811A6178C1C62C86D8713A621319A7278D6F55","SourceOrDocumentation"
"Hydroponic_IoT_ESP32_PHASE22A_FIX1_REAUDIT","Latest pre-consolidation source through Stage 1 Preflight","03_Edge_Server\mqtt_backend\src\services\telemetryPipelineService.js","591","A29FF8D6047F5074F89D385F4A5FA80EEC2B12897BD05AAFBFDCA6C411CBD077","SourceOrDocumentation"
"Hydroponic_IoT_ESP32_PHASE22A_FIX1_REAUDIT","Latest pre-consolidation source through Stage 1 Preflight","03_Edge_Server\mqtt_backend\src\validators\autoDosingSettingsValidator.js","5003","77E0748EEAC7EEFE8083A07D79208F3F922D7EC6D132A83596D35FDD075850F6","SourceOrDocumentation"
"Hydroponic_IoT_ESP32_PHASE22A_FIX1_REAUDIT","Latest pre-consolidation source through Stage 1 Preflight","03_Edge_Server\mqtt_backend\src\validators\nutrientResponseTestValidator.js","5701","97DA964F5923A9D8DD1EA6D6F7CA8E96764E1488AC136169E7391D0F5D786E35","SourceOrDocumentation"
"Hydroponic_IoT_ESP32_PHASE22A_FIX1_REAUDIT","Latest pre-consolidation source through Stage 1 Preflight","03_Edge_Server\mqtt_backend\src\validators\pumpCalibrationValidator.js","2292","65CDAD783EFDFA0F9B8E6CC88A2627F17A76D9684964D976F06AD0C1E10FC14F","SourceOrDocumentation"
"Hydroponic_IoT_ESP32_PHASE22A_FIX1_REAUDIT","Latest pre-consolidation source through Stage 1 Preflight","03_Edge_Server\mqtt_backend\src\validators\pumpCommandValidator.js","2646","70102D24B89F9A83564D08F08CCAC0364C922E629CBB9993B76F19D0742E5288","SourceOrDocumentation"
"Hydroponic_IoT_ESP32_PHASE22A_FIX1_REAUDIT","Latest pre-consolidation source through Stage 1 Preflight","03_Edge_Server\mqtt_backend\src\validators\sensorPayloadValidator.js","5960","4E46800CA418E49689057BC83D540B0788C0A37347FF8947D96EF0C55F21E92E","SourceOrDocumentation"
"Hydroponic_IoT_ESP32_PHASE22A_FIX1_REAUDIT","Latest pre-consolidation source through Stage 1 Preflight","03_Edge_Server\mqtt_backend\src\validators\tdsCalibrationSetValidator.js","9018","D321879195A40C3838BCA515885E9C16ABDF51FAB6FB8F2DFA617BC4558C6CBC","SourceOrDocumentation"
"Hydroponic_IoT_ESP32_PHASE22A_FIX1_REAUDIT","Latest pre-consolidation source through Stage 1 Preflight","03_Edge_Server\mqtt_backend\src\validators\tdsCalibrationValidator.js","461","3B58ED004B84369148A91592BE5A9FC58727CC8FB4132BF86615F25308BABCBA","SourceOrDocumentation"
"Hydroponic_IoT_ESP32_PHASE22A_FIX1_REAUDIT","Latest pre-consolidation source through Stage 1 Preflight","03_Edge_Server\mqtt_backend\staging\.env.staging.example","535","E1868B9CA2A12142BECB38D6F9F0288766CBB0E03104B320A8BDDAC70DC33833","SourceOrDocumentation"
"Hydroponic_IoT_ESP32_PHASE22A_FIX1_REAUDIT","Latest pre-consolidation source through Stage 1 Preflight","03_Edge_Server\mqtt_backend\staging\Get-StagingStatus.ps1","889","A15AAFC96D2A06B38BB1FED8256B6339846E6F4A014045EA2C27582FAAAC0D3E","SourceOrDocumentation"
"Hydroponic_IoT_ESP32_PHASE22A_FIX1_REAUDIT","Latest pre-consolidation source through Stage 1 Preflight","03_Edge_Server\mqtt_backend\staging\mosquitto.stage0.conf","145","222ABE58FE275AB78CD1E0C1233DD7A7C71F88B098919F557705815FB46FB85C","SourceOrDocumentation"
"Hydroponic_IoT_ESP32_PHASE22A_FIX1_REAUDIT","Latest pre-consolidation source through Stage 1 Preflight","03_Edge_Server\mqtt_backend\staging\README.md","1990","3B8F2407C9E4ADBB9D1AF8FDC065F6BEC002AB131F7EE50D175AEAB016FB802E","SourceOrDocumentation"
"Hydroponic_IoT_ESP32_PHASE22A_FIX1_REAUDIT","Latest pre-consolidation source through Stage 1 Preflight","03_Edge_Server\mqtt_backend\staging\Reset-Staging.ps1","714","81667C7BF9238AADCE281BA544A95BCB93367E4EB84C13F700F18E856E047DB3","SourceOrDocumentation"
"Hydroponic_IoT_ESP32_PHASE22A_FIX1_REAUDIT","Latest pre-consolidation source through Stage 1 Preflight","03_Edge_Server\mqtt_backend\staging\runStage0Checks.js","15980","2649C79FBE37D99A053C8B9151F8ADC2A06F0F27DD6F337E9581327945D25B8D","SourceOrDocumentation"
"Hydroponic_IoT_ESP32_PHASE22A_FIX1_REAUDIT","Latest pre-consolidation source through Stage 1 Preflight","03_Edge_Server\mqtt_backend\staging\Stage0.Common.ps1","1940","4DA645518CECA9B5BA43E8162025E7E86DD4EEF2363BEC954C7CA3EEBA785E2A","SourceOrDocumentation"
"Hydroponic_IoT_ESP32_PHASE22A_FIX1_REAUDIT","Latest pre-consolidation source through Stage 1 Preflight","03_Edge_Server\mqtt_backend\staging\stage1\.env.stage1.example","542","41CF33C5CB9DCD73CBFD9116BD0D44A07E5F75AEC3E372C1E4CFDA94C83F366D","SourceOrDocumentation"
"Hydroponic_IoT_ESP32_PHASE22A_FIX1_REAUDIT","Latest pre-consolidation source through Stage 1 Preflight","03_Edge_Server\mqtt_backend\staging\stage1\Get-Stage1-Status.ps1","1266","6F2610F231D47EA58A61FDDDA9739394EE5BCC4EEDBB997C0FB5570296173FEB","SourceOrDocumentation"
"Hydroponic_IoT_ESP32_PHASE22A_FIX1_REAUDIT","Latest pre-consolidation source through Stage 1 Preflight","03_Edge_Server\mqtt_backend\staging\stage1\mosquitto.stage1.conf.example","241","7B97F282C76A393F591F6B29D20C859B9C33779577811EF1F7C3A90CC0D247C6","SourceOrDocumentation"
"Hydroponic_IoT_ESP32_PHASE22A_FIX1_REAUDIT","Latest pre-consolidation source through Stage 1 Preflight","03_Edge_Server\mqtt_backend\staging\stage1\README.md","1350","AEC2650B9F0F5B01527031B71FFBCE88AD5E4D37903318FDE5D9298F22823EC3","SourceOrDocumentation"
"Hydroponic_IoT_ESP32_PHASE22A_FIX1_REAUDIT","Latest pre-consolidation source through Stage 1 Preflight","03_Edge_Server\mqtt_backend\staging\stage1\Reset-Stage1-Preflight.ps1","799","8E82DF43F8AABDD30317334DE4538E01A6133AE3DBBE54835AA578CBE50D586D","SourceOrDocumentation"
"Hydroponic_IoT_ESP32_PHASE22A_FIX1_REAUDIT","Latest pre-consolidation source through Stage 1 Preflight","03_Edge_Server\mqtt_backend\staging\stage1\runStage1PreflightChecks.js","6861","F48419AB9998660CEC055163D39F48C438D86040FEEBDECC04086A4A48624F54","SourceOrDocumentation"
"Hydroponic_IoT_ESP32_PHASE22A_FIX1_REAUDIT","Latest pre-consolidation source through Stage 1 Preflight","03_Edge_Server\mqtt_backend\staging\stage1\Stage1.Common.ps1","3538","79BC0425194A44A00091344512637ED044EA559CA5DB12FBECE5E13ADA8E00D3","SourceOrDocumentation"
"Hydroponic_IoT_ESP32_PHASE22A_FIX1_REAUDIT","Latest pre-consolidation source through Stage 1 Preflight","03_Edge_Server\mqtt_backend\staging\stage1\Start-Stage1-Preflight.ps1","8541","77692019BFF4FF3B46158FF17F424B65CEFD836F2C5C0C1E31E3E5C0D816A846","SourceOrDocumentation"
"Hydroponic_IoT_ESP32_PHASE22A_FIX1_REAUDIT","Latest pre-consolidation source through Stage 1 Preflight","03_Edge_Server\mqtt_backend\staging\stage1\Stop-Stage1-Preflight.ps1","1511","40672BEEF1461152412C8286854B3FE44AC7B521D6E1869396106A1D2BAB785C","SourceOrDocumentation"
"Hydroponic_IoT_ESP32_PHASE22A_FIX1_REAUDIT","Latest pre-consolidation source through Stage 1 Preflight","03_Edge_Server\mqtt_backend\staging\Start-Staging.ps1","4828","C415285571ABB87ABF884E290C5D47558FD692AD5BB7A61FF46F7C8951FDDA32","SourceOrDocumentation"
"Hydroponic_IoT_ESP32_PHASE22A_FIX1_REAUDIT","Latest pre-consolidation source through Stage 1 Preflight","03_Edge_Server\mqtt_backend\staging\Stop-Staging.ps1","1340","603F88600B45D92576149E097051610A205F33CA15A61280F8CF45955880A5A7","SourceOrDocumentation"
"Hydroponic_IoT_ESP32_PHASE22A_FIX1_REAUDIT","Latest pre-consolidation source through Stage 1 Preflight","03_Edge_Server\mqtt_backend\test\autoDosingSafety.test.js","4448","D06C0341F44A9790D3FC0C6BC8E63204093965D6CA0BBB7CAEC670C71CFE125E","SourceOrDocumentation"
"Hydroponic_IoT_ESP32_PHASE22A_FIX1_REAUDIT","Latest pre-consolidation source through Stage 1 Preflight","03_Edge_Server\mqtt_backend\test\dashboardContract.test.js","6440","6B9D16A0A7C2307C4AC8DB8E4CE4A5936F40D90A53352EB17F1BC551DDF52AC9","SourceOrDocumentation"
"Hydroponic_IoT_ESP32_PHASE22A_FIX1_REAUDIT","Latest pre-consolidation source through Stage 1 Preflight","03_Edge_Server\mqtt_backend\test\fixtures\stage1_actuator_lock_host_test.cpp","602","16DA9E657A0CA38B4D32F89177108D8D1028C5F5BE4A1F7465E4DF468A172176","SourceOrDocumentation"
"Hydroponic_IoT_ESP32_PHASE22A_FIX1_REAUDIT","Latest pre-consolidation source through Stage 1 Preflight","03_Edge_Server\mqtt_backend\test\fixtures\telemetry_firmware_host_test.cpp","815","4EE7B82D8F2A4D2FA9982F1F510EE66EC372B0F583E99AE9F0214893C0E61B46","SourceOrDocumentation"
"Hydroponic_IoT_ESP32_PHASE22A_FIX1_REAUDIT","Latest pre-consolidation source through Stage 1 Preflight","03_Edge_Server\mqtt_backend\test\phase21FixBehavior.test.js","17563","5477BEBBB55A59CD3FF1433BDAD2C0A1EEE576F70CC7BC5DB295386B2636DD1B","SourceOrDocumentation"
"Hydroponic_IoT_ESP32_PHASE22A_FIX1_REAUDIT","Latest pre-consolidation source through Stage 1 Preflight","03_Edge_Server\mqtt_backend\test\phase22aFix1.test.js","9690","835DD6FBD45C4BD1DA8ED0D38DAC277592EA9559DAF3E9CAAA45722D14A3D007","SourceOrDocumentation"
"Hydroponic_IoT_ESP32_PHASE22A_FIX1_REAUDIT","Latest pre-consolidation source through Stage 1 Preflight","03_Edge_Server\mqtt_backend\test\phase22Pipeline.test.js","9545","A4BF2038C6683AAE3A0A2197A2F2772C083C52D66D251A990C5F6B59455C3DC1","SourceOrDocumentation"
"Hydroponic_IoT_ESP32_PHASE22A_FIX1_REAUDIT","Latest pre-consolidation source through Stage 1 Preflight","03_Edge_Server\mqtt_backend\test\phase22ShadowEngine.test.js","7584","DCBF33BB62288231FC61D491B722991F361E257FA8F3C4AD345AF39D00B36FD7","SourceOrDocumentation"
"Hydroponic_IoT_ESP32_PHASE22A_FIX1_REAUDIT","Latest pre-consolidation source through Stage 1 Preflight","03_Edge_Server\mqtt_backend\test\phase22TelemetryIdentity.test.js","11264","ECD4F2736B37104B83E49E5783618DBC5810499AD669DCB77055D3EDE40304C0","SourceOrDocumentation"
"Hydroponic_IoT_ESP32_PHASE22A_FIX1_REAUDIT","Latest pre-consolidation source through Stage 1 Preflight","03_Edge_Server\mqtt_backend\test\stabilityMigration.test.js","8008","C1FBDC9B2711C7240FE1C65DE7BE6E0F6B1115349E97D62389872EA6B0424E0B","SourceOrDocumentation"
"Hydroponic_IoT_ESP32_PHASE22A_FIX1_REAUDIT","Latest pre-consolidation source through Stage 1 Preflight","03_Edge_Server\mqtt_backend\test\stage0Safety.test.js","1450","467FAB93B8945E3E3F0E2A37A21208D896E55EF96AF3A678CCEFDCFF0B34A4A1","SourceOrDocumentation"
"Hydroponic_IoT_ESP32_PHASE22A_FIX1_REAUDIT","Latest pre-consolidation source through Stage 1 Preflight","03_Edge_Server\mqtt_backend\test\stage1PreflightSafety.test.js","3757","E46A9F834911A7A7BE35289426AC47CE96F1D83C656A1C76A3A59FBEA951AB4D","SourceOrDocumentation"
"Hydroponic_IoT_ESP32_PHASE22A_FIX1_REAUDIT","Latest pre-consolidation source through Stage 1 Preflight","03_Edge_Server\mqtt_backend\test\tdsCalibration.test.js","6425","9F130C925514BB3244B332FDFCA4CE64A9AF94EFDCFFB91BA724C105B49ED3BE","SourceOrDocumentation"
"Hydroponic_IoT_ESP32_PHASE22A_FIX1_REAUDIT","Latest pre-consolidation source through Stage 1 Preflight","03_Edge_Server\mqtt_backend\testSupport\fakeMongo.js","8724","1C0ADEFCBA6DCF6502071A727E97BB54265DA29CA89E85925DABAD8E79F19901","SourceOrDocumentation"
"Hydroponic_IoT_ESP32_PHASE22A_FIX1_REAUDIT","Latest pre-consolidation source through Stage 1 Preflight","03_Edge_Server\README.md","617","9FEBD8ECC121B4975553F91075B8E927478923E5239E43CC8E794CE1F9D4033B","SourceOrDocumentation"
"Hydroponic_IoT_ESP32_PHASE22A_FIX1_REAUDIT","Latest pre-consolidation source through Stage 1 Preflight","04_Database\mongodb_schema.md","1333","10C687084033F6E9A31F1E36A89F8BD182A4875AA1416FEB1295F6F1039C9A0B","SourceOrDocumentation"
"Hydroponic_IoT_ESP32_PHASE22A_FIX1_REAUDIT","Latest pre-consolidation source through Stage 1 Preflight","04_Database\sample_payload.json","529","A087DA777E8B9F86A27034E3409AA1A9D4262EC6CC7F901DA16DDF3D22355D0C","SourceOrDocumentation"
"Hydroponic_IoT_ESP32_PHASE22A_FIX1_REAUDIT","Latest pre-consolidation source through Stage 1 Preflight","05_Calibration_Data\notes.txt","217","D6E1953E1C28E3E929CE75CABE038137C2C9E7340C091AF19AC338E98D278477","SourceOrDocumentation"
"Hydroponic_IoT_ESP32_PHASE22A_FIX1_REAUDIT","Latest pre-consolidation source through Stage 1 Preflight","05_Calibration_Data\pump_A_calibration.csv","65","BCD7B1C82803F4332DA3196F66EF9EB5F08ADDEE9576309558900336272D8635","SourceOrDocumentation"
"Hydroponic_IoT_ESP32_PHASE22A_FIX1_REAUDIT","Latest pre-consolidation source through Stage 1 Preflight","05_Calibration_Data\pump_B_calibration.csv","65","BCD7B1C82803F4332DA3196F66EF9EB5F08ADDEE9576309558900336272D8635","SourceOrDocumentation"
"Hydroponic_IoT_ESP32_PHASE22A_FIX1_REAUDIT","Latest pre-consolidation source through Stage 1 Preflight","05_Calibration_Data\tds_calibration.csv","64","2991E8B145E4AC2938D53C6B156B8D995DF3A8DCB165E9E47B65EFA06E2762F9","SourceOrDocumentation"
"Hydroponic_IoT_ESP32_PHASE22A_FIX1_REAUDIT","Latest pre-consolidation source through Stage 1 Preflight","CODEX_PHASE21_FIX1_FINAL_REPORT.md","22424","4BE903CFBAACBFA81448B37A3A4EB5148E2863EE03D0D72CE5D4507F26CDF9A8","SourceOrDocumentation"
"Hydroponic_IoT_ESP32_PHASE22A_FIX1_REAUDIT","Latest pre-consolidation source through Stage 1 Preflight","CODEX_PHASE21_FIX2_FINAL_REPORT.md","15051","398352EC2E21719D69554F0C035277958478ACFC20079E321F98935F443E08F6","SourceOrDocumentation"
"Hydroponic_IoT_ESP32_PHASE22A_FIX1_REAUDIT","Latest pre-consolidation source through Stage 1 Preflight","CODEX_PHASE22B_STAGE0_REPORT.md","10058","B08AAB6A00FC51115ECC254BB65EBF39A2B490AA3441A9F4AE46ACDCC30587CE","SourceOrDocumentation"
"Hydroponic_IoT_ESP32_PHASE22A_FIX1_REAUDIT","Latest pre-consolidation source through Stage 1 Preflight","CODEX_PHASE22B_STAGE1_PREFLIGHT.patch","71647","2FE9A2817E6C3F36369C7A7BEAA7E8FA891465ECC7014A93434F465877FE2D82","SourceOrDocumentation"
"Hydroponic_IoT_ESP32_PHASE22A_FIX1_REAUDIT","Latest pre-consolidation source through Stage 1 Preflight","CODEX_PHASE22B_STAGE1_PREFLIGHT_REPORT.md","12730","AB006ABED86C1B0CB46CE9745DCCCBA55E6D583F4CDBBAD0EBAB58DF8D44BE14","SourceOrDocumentation"
"Hydroponic_IoT_ESP32_PHASE22A_FIX1_REAUDIT","Latest pre-consolidation source through Stage 1 Preflight","README.md","5135","12DDFDB71CF6D01E27181CEC48A2A725C3C844E1C94E8B94190C358AB02CDFB1","SourceOrDocumentation"
"Hydroponic_PHASE22A_FIX2_BUILD_20260810","Phase 22A Fix 2 firmware build output","boot_app0.bin","8192","F94C5D786A7A8FAB06AC5D10E33BF37711A6697636DC037559EA19CC410A17F0","BuildOutput"
"Hydroponic_PHASE22A_FIX2_BUILD_20260810","Phase 22A Fix 2 firmware build output","build.options.json","821","B35548AF6DC3A165C5626E62FB72F613116332EB396AFEDE711530F5213DF726","SourceOrDocumentation"
"Hydroponic_PHASE22A_FIX2_BUILD_20260810","Phase 22A Fix 2 firmware build output","build_opt.h","0","E3B0C44298FC1C149AFBF4C8996FB92427AE41E4649B934CA495991B7852B855","SourceOrDocumentation"
"Hydroponic_PHASE22A_FIX2_BUILD_20260810","Phase 22A Fix 2 firmware build output","compile_commands.json","194497","764365BC61C8B46F2682301081B77AE41064D43F8902E29B4EED33A0C8BACF24","SourceOrDocumentation"
"Hydroponic_PHASE22A_FIX2_BUILD_20260810","Phase 22A Fix 2 firmware build output","core\base64.cpp.d","21261","E553D7D3111DCCB9D0E588BD4C659852B08EA0315C156B1CBE2B5C4D3038E6CF","BuildOutput"
"Hydroponic_PHASE22A_FIX2_BUILD_20260810","Phase 22A Fix 2 firmware build output","core\base64.cpp.o","43008","3AA5F6418106BC171D668D9DE29573A663EF144220EBF2D7472310D593319829","BuildOutput"
"Hydroponic_PHASE22A_FIX2_BUILD_20260810","Phase 22A Fix 2 firmware build output","core\cbuf.cpp.d","10769","836F2E9A7B1FF3A64A64B3985315CF6F806DD8A0F594B9534BADE854D16BA0C8","BuildOutput"
"Hydroponic_PHASE22A_FIX2_BUILD_20260810","Phase 22A Fix 2 firmware build output","core\cbuf.cpp.o","42256","02096BA7A05874721007E55EBA6724719F6037D5DB23483EB23A740096928921","BuildOutput"
"Hydroponic_PHASE22A_FIX2_BUILD_20260810","Phase 22A Fix 2 firmware build output","core\chip-debug-report.cpp.d","23453","DC0E09B3DE2E091DB57B1BABA7BF78A00F45B7AD1DC34BFA0505C51C7C4ABCD1","BuildOutput"
"Hydroponic_PHASE22A_FIX2_BUILD_20260810","Phase 22A Fix 2 firmware build output","core\chip-debug-report.cpp.o","91580","94AB91E90C08803FF48860055707BCB3D71C78B6D8753CA5D10A50DB706B5043","BuildOutput"
"Hydroponic_PHASE22A_FIX2_BUILD_20260810","Phase 22A Fix 2 firmware build output","core\ColorFormat.c.d","278","8F85EFB5C692BAF60EC51BCDA89801434CA331B737DCA3C6917D685B5DF40E2D","BuildOutput"
"Hydroponic_PHASE22A_FIX2_BUILD_20260810","Phase 22A Fix 2 firmware build output","core\ColorFormat.c.o","44200","C03F877ADC1BFA82A158E689EE23D2E7DC1B6743BAFFBA849EDD83813A533AAC","BuildOutput"
"Hydroponic_PHASE22A_FIX2_BUILD_20260810","Phase 22A Fix 2 firmware build output","core\core.a","2763214","5C6838A80BE6F4A6569A067DDD084E3E6FF314FFE44614A61D203F1C29C10984","BuildOutput"
"Hydroponic_PHASE22A_FIX2_BUILD_20260810","Phase 22A Fix 2 firmware build output","core\Esp.cpp.d","24900","008751D5C36F65B1B9FC29CF2EE327E54F4A3D5756C553A6DE43913FC8BDAE4D","BuildOutput"
"Hydroponic_PHASE22A_FIX2_BUILD_20260810","Phase 22A Fix 2 firmware build output","core\Esp.cpp.o","157176","3BCFAD807B348C7BF2528D9B930E99FEE556AD2A015EC6F9E5A118B7A105F876","BuildOutput"
"Hydroponic_PHASE22A_FIX2_BUILD_20260810","Phase 22A Fix 2 firmware build output","core\esp32-hal-adc.c.d","16416","5FF4295352BC0F6B37C2083F3978A5FFF4DAF5C49366E5EED531C2870EB5B0DB","BuildOutput"
"Hydroponic_PHASE22A_FIX2_BUILD_20260810","Phase 22A Fix 2 firmware build output","core\esp32-hal-adc.c.o","72560","5B0765D9CD01E3750E366C4AA049FCF699C7C67790F8EC5E818D9F4B71D45A76","BuildOutput"
"Hydroponic_PHASE22A_FIX2_BUILD_20260810","Phase 22A Fix 2 firmware build output","core\esp32-hal-bt.c.d","15907","C63821FE0B5AACBAAB951B2668399681619DC96B83EB8512F6E43D82349DAE68","BuildOutput"
"Hydroponic_PHASE22A_FIX2_BUILD_20260810","Phase 22A Fix 2 firmware build output","core\esp32-hal-bt.c.o","28840","2867FE57E95BBB3D28DE0D9E4DFF00F0F94537CA13F0F8F21F45565506FAF6B9","BuildOutput"
"Hydroponic_PHASE22A_FIX2_BUILD_20260810","Phase 22A Fix 2 firmware build output","core\esp32-hal-cpu.c.d","18358","04E25A95B09332702758BBF935089941A35F65CDAB3256CD29B5D0CE7F6F2AD4","BuildOutput"
"Hydroponic_PHASE22A_FIX2_BUILD_20260810","Phase 22A Fix 2 firmware build output","core\esp32-hal-cpu.c.o","42816","DAD346F0933DBAEBF3C65F61A600D191D7CE2EFAC33ADF0E32FF9917AD802757","BuildOutput"
"Hydroponic_PHASE22A_FIX2_BUILD_20260810","Phase 22A Fix 2 firmware build output","core\esp32-hal-dac.c.d","16279","C43B7FBA729DEE9D78A99DDD0441C6E779E444B2BF1E42AACBA478CD48BEBFCC","BuildOutput"
"Hydroponic_PHASE22A_FIX2_BUILD_20260810","Phase 22A Fix 2 firmware build output","core\esp32-hal-dac.c.o","14280","B8C55D25ADB14A08DBF0D7B027B17EF2F2579B9D0697DC445745E7BDCDDDAB07","BuildOutput"
"Hydroponic_PHASE22A_FIX2_BUILD_20260810","Phase 22A Fix 2 firmware build output","core\esp32-hal-gpio.c.d","17157","C6349D3E0BAFDE27199C95A2EC0875F5BF096E45483372D6BEC2FB03395EE118","BuildOutput"
"Hydroponic_PHASE22A_FIX2_BUILD_20260810","Phase 22A Fix 2 firmware build output","core\esp32-hal-gpio.c.o","41436","6184D717D67B04F6075E3893C20370A65343E8A8019DA10C38573DA1C47347EA","BuildOutput"
"Hydroponic_PHASE22A_FIX2_BUILD_20260810","Phase 22A Fix 2 firmware build output","core\esp32-hal-hosted.c.d","293","E8ADE02F371BDD807F2AE0B766F408987785A132472868E24A17588BC4123DDF","BuildOutput"
"Hydroponic_PHASE22A_FIX2_BUILD_20260810","Phase 22A Fix 2 firmware build output","core\esp32-hal-hosted.c.o","1392","64500E46C7BD9AB987C4D5E6003BE146D0D676FAB21FD17F0A2BA65A22E0B104","BuildOutput"
"Hydroponic_PHASE22A_FIX2_BUILD_20260810","Phase 22A Fix 2 firmware build output","core\esp32-hal-i2c.c.d","1010","F89B221D43B49CC5D8812D2A04211CDDA0589BFE8AE1B78789B39FB6AD82299F","BuildOutput"
"Hydroponic_PHASE22A_FIX2_BUILD_20260810","Phase 22A Fix 2 firmware build output","core\esp32-hal-i2c.c.o","2348","891A80BA7D052AF2E94475142F009CB024F84397A4BA976D3981926E0AB6EFF0","BuildOutput"
"Hydroponic_PHASE22A_FIX2_BUILD_20260810","Phase 22A Fix 2 firmware build output","core\esp32-hal-i2c-ng.c.d","16158","AEB4D106FE5C833C656854AB5EBF89696D4A3C5E0991319E0ABA57CB975B734B","BuildOutput"
"Hydroponic_PHASE22A_FIX2_BUILD_20260810","Phase 22A Fix 2 firmware build output","core\esp32-hal-i2c-ng.c.o","44964","A70C50357D5E4E5F78A88B52C42925E3D2C4033135D8CAAD4EC5B7075F935777","BuildOutput"
"Hydroponic_PHASE22A_FIX2_BUILD_20260810","Phase 22A Fix 2 firmware build output","core\esp32-hal-i2c-slave.c.d","14027","085130177462C8F9BF36EF427F6931ACA56B482D3E8C1A688F224EF3FABFE75B","BuildOutput"
"Hydroponic_PHASE22A_FIX2_BUILD_20260810","Phase 22A Fix 2 firmware build output","core\esp32-hal-i2c-slave.c.o","106368","4D825F0EC1F6D66EDAFE3046A11319AAB58AFDCA413989945644CEEFF365DF49","BuildOutput"
"Hydroponic_PHASE22A_FIX2_BUILD_20260810","Phase 22A Fix 2 firmware build output","core\esp32-hal-ldo.c.d","883","6790DE0A808EDFC32E0B42CD8866F1D63090451B02B116C8EF4FE69FC602F14E","BuildOutput"
"Hydroponic_PHASE22A_FIX2_BUILD_20260810","Phase 22A Fix 2 firmware build output","core\esp32-hal-ldo.c.o","2348","78C21F56DA5CFA7459BBF2314DDFF436E03162981D72534495F5C53980624A0D","BuildOutput"
"Hydroponic_PHASE22A_FIX2_BUILD_20260810","Phase 22A Fix 2 firmware build output","core\esp32-hal-ledc.c.d","16526","9A3E544AEBEEA3B9235BEBCCE91614BEB16058C1705D99A64D0ABF53A722D141","BuildOutput"
"Hydroponic_PHASE22A_FIX2_BUILD_20260810","Phase 22A Fix 2 firmware build output","core\esp32-hal-ledc.c.o","87248","26EF2674C3810EDDF91B19E917E4DB2B51C9989953A7E536264019120E0B4CD4","BuildOutput"
"Hydroponic_PHASE22A_FIX2_BUILD_20260810","Phase 22A Fix 2 firmware build output","core\esp32-hal-log-wrapper.c.d","303","44ED8350C7E3F8C8B45CD5E706641681D128690BD848ADC0D383C21240C78005","BuildOutput"
"Hydroponic_PHASE22A_FIX2_BUILD_20260810","Phase 22A Fix 2 firmware build output","core\esp32-hal-log-wrapper.c.o","1400","56C1FB15AE972393309412EC7381327C49B69DDB76E7A7025FB1AD4F732198B6","BuildOutput"
"Hydroponic_PHASE22A_FIX2_BUILD_20260810","Phase 22A Fix 2 firmware build output","core\esp32-hal-matrix.c.d","15687","F4B7B7FD15078BDAA0C343C5ABA986063E3EC4A2D90AA05715A00148BE656E4F","BuildOutput"
"Hydroponic_PHASE22A_FIX2_BUILD_20260810","Phase 22A Fix 2 firmware build output","core\esp32-hal-matrix.c.o","8348","67303DC2B1468A46158641730FE4617DE9C2765853459732B41C8726C1AD6015","BuildOutput"
"Hydroponic_PHASE22A_FIX2_BUILD_20260810","Phase 22A Fix 2 firmware build output","core\esp32-hal-misc.c.d","19082","B481750EDC4C09D5952450EBAC2D63852CFEF27B3682C4EF1ABB40530DA9894A","BuildOutput"
"Hydroponic_PHASE22A_FIX2_BUILD_20260810","Phase 22A Fix 2 firmware build output","core\esp32-hal-misc.c.o","54372","6F0F28DE2AD585A11DF9586F42D10757886E81301F26DC65577E1C8DD9D8C033","BuildOutput"
"Hydroponic_PHASE22A_FIX2_BUILD_20260810","Phase 22A Fix 2 firmware build output","core\esp32-hal-periman.c.d","3648","00B9D1E2BEBFCD9517801E13C5839F747AC8940C21A325416A5026C432557A39","BuildOutput"
"Hydroponic_PHASE22A_FIX2_BUILD_20260810","Phase 22A Fix 2 firmware build output","core\esp32-hal-periman.c.o","33000","A7E77F8EC2D7B9381F998677C0DC26121FAFB28929E3B5BA67A5281BE90621CF","BuildOutput"
"Hydroponic_PHASE22A_FIX2_BUILD_20260810","Phase 22A Fix 2 firmware build output","core\esp32-hal-psram.c.d","15432","F009AE00736D7687F039D791C70BCBC6F6D7DA7A3E974AD1A28B5196CC91E74C","BuildOutput"
"Hydroponic_PHASE22A_FIX2_BUILD_20260810","Phase 22A Fix 2 firmware build output","core\esp32-hal-psram.c.o","7256","17C3D72DF64A4C8DA0E41480C7C3FD72F4D31CFE4EDCF7B605CFF4F14090351B","BuildOutput"
"Hydroponic_PHASE22A_FIX2_BUILD_20260810","Phase 22A Fix 2 firmware build output","core\esp32-hal-rgb-led.c.d","15547","EFCB6E604B672A84C741D23A24B20093D74391473F0EB25FCB5A9DEE6503354C","BuildOutput"
"Hydroponic_PHASE22A_FIX2_BUILD_20260810","Phase 22A Fix 2 firmware build output","core\esp32-hal-rgb-led.c.o","12144","91FC3B59874F86E6B4B3962BB262C962476AB7D6A8BC3077C350C9FC02BF07B6","BuildOutput"
"Hydroponic_PHASE22A_FIX2_BUILD_20260810","Phase 22A Fix 2 firmware build output","core\esp32-hal-rmt.c.d","17181","3590DE1CA7FA3E0579CEC2E6B9681B5E6DBD195D4813E60221C6D03AC83AE86E","BuildOutput"
"Hydroponic_PHASE22A_FIX2_BUILD_20260810","Phase 22A Fix 2 firmware build output","core\esp32-hal-rmt.c.o","70248","665CD19516447F3336A6B779D7E6DB1702E379B6E809B303B315BED2B198A172","BuildOutput"
"Hydroponic_PHASE22A_FIX2_BUILD_20260810","Phase 22A Fix 2 firmware build output","core\esp32-hal-sigmadelta.c.d","15909","3043EB8B8DF148F1A22263F6483F71D8EE0807EAD548687CFC191D260B950CB8","BuildOutput"
"Hydroponic_PHASE22A_FIX2_BUILD_20260810","Phase 22A Fix 2 firmware build output","core\esp32-hal-sigmadelta.c.o","16772","58D19AB2201F95FA1F0051C1BC64DC7E2B8A10DD9F1846FB1A2C24C7E77C4F9B","BuildOutput"
"Hydroponic_PHASE22A_FIX2_BUILD_20260810","Phase 22A Fix 2 firmware build output","core\esp32-hal-spi.c.d","17812","9B09731921CF3A390DF68E08503BDCDA85D432F4F09D7FB343538866B135BFB5","BuildOutput"
"Hydroponic_PHASE22A_FIX2_BUILD_20260810","Phase 22A Fix 2 firmware build output","core\esp32-hal-spi.c.o","149396","FDF018CB0DC258FEB44A26FC151B3B7C2DC51D76FD6E03C5F2C6DBEF21E684B4","BuildOutput"
"Hydroponic_PHASE22A_FIX2_BUILD_20260810","Phase 22A Fix 2 firmware build output","core\esp32-hal-time.c.d","20612","360B27708C978FBDDD4BF2714B095A60DBCD14094DF26525725264B416D613B9","BuildOutput"
"Hydroponic_PHASE22A_FIX2_BUILD_20260810","Phase 22A Fix 2 firmware build output","core\esp32-hal-time.c.o","21512","9BC4775A6E929D454F45868D37AC64CFEE7A24591F0CC7DAB58B5C23F8872679","BuildOutput"
"Hydroponic_PHASE22A_FIX2_BUILD_20260810","Phase 22A Fix 2 firmware build output","core\esp32-hal-timer.c.d","15943","BE51BDEB69DD6E34B8BDD7E00AB0B2544F613657DCF86F76CAD1499384D008D0","BuildOutput"
"Hydroponic_PHASE22A_FIX2_BUILD_20260810","Phase 22A Fix 2 firmware build output","core\esp32-hal-timer.c.o","34776","231C5DF873DDAF83DD60A6D0EEAC374D64BB6E242198EE642AF9EBE0626DED71","BuildOutput"
"Hydroponic_PHASE22A_FIX2_BUILD_20260810","Phase 22A Fix 2 firmware build output","core\esp32-hal-tinyusb.c.d","418","00BAFE8195ECC815FEFCFDC7F43EE257F7AB1B73CE2BBF795CCA9CD554940C18","BuildOutput"
"Hydroponic_PHASE22A_FIX2_BUILD_20260810","Phase 22A Fix 2 firmware build output","core\esp32-hal-tinyusb.c.o","1392","2688ED412F0115A22A557250B266C1FCEC06C05E261300CB68EFC2DD22285F68","BuildOutput"
"Hydroponic_PHASE22A_FIX2_BUILD_20260810","Phase 22A Fix 2 firmware build output","core\esp32-hal-touch.c.d","541","25F9E8DC09DEA273BB03184391F20DBE5FC462525F8F093408B3072DC962BAF9","BuildOutput"
"Hydroponic_PHASE22A_FIX2_BUILD_20260810","Phase 22A Fix 2 firmware build output","core\esp32-hal-touch.c.o","1384","921C81F8812882418893FF322254173AD1141B0D9DBDF82823C9D30ED2891723","BuildOutput"
"Hydroponic_PHASE22A_FIX2_BUILD_20260810","Phase 22A Fix 2 firmware build output","core\esp32-hal-touch-ng.c.d","15661","EF75F4315E4585975A7F2667EEAFB1B1908CB9D421B83335F32C1F9F79EC697F","BuildOutput"
"Hydroponic_PHASE22A_FIX2_BUILD_20260810","Phase 22A Fix 2 firmware build output","core\esp32-hal-touch-ng.c.o","57960","526F14F88131296E4838F79AAA499240D46B1573C8E7503ADD694A87405AA87B","BuildOutput"
"Hydroponic_PHASE22A_FIX2_BUILD_20260810","Phase 22A Fix 2 firmware build output","core\esp32-hal-uart.c.d","19089","BC879669FA0D4079229D1073177BD04D4D51818116568965B838F87246730A07","BuildOutput"
"Hydroponic_PHASE22A_FIX2_BUILD_20260810","Phase 22A Fix 2 firmware build output","core\esp32-hal-uart.c.o","205896","6393E7EB0625CA92B582986290381D24DD5B778B3D5B6E4EB5612C96AD10A4BD","BuildOutput"
"Hydroponic_PHASE22A_FIX2_BUILD_20260810","Phase 22A Fix 2 firmware build output","core\firmware_msc_fat.c.d","415","DBFCF1E48896B591B8A6E8DDC632363144DE7246B6E15C87F28712214B857074","BuildOutput"
"Hydroponic_PHASE22A_FIX2_BUILD_20260810","Phase 22A Fix 2 firmware build output","core\firmware_msc_fat.c.o","35572","D0B781A65CE4A37181C7ECD6108E58E3705C9F1D1E86373D7D650CE812A38E0E","BuildOutput"
"Hydroponic_PHASE22A_FIX2_BUILD_20260810","Phase 22A Fix 2 firmware build output","core\FirmwareMSC.cpp.d","617","9AF9EA72D0F815603250EA16634982CE04790E033150618F08A1F085CF5F5650","BuildOutput"
"Hydroponic_PHASE22A_FIX2_BUILD_20260810","Phase 22A Fix 2 firmware build output","core\FirmwareMSC.cpp.o","1440","AF7383292EAECDD8A1D9F2A564CF946F4DB37DC25D65B3E73DAB3145AF7AAEF6","BuildOutput"
"Hydroponic_PHASE22A_FIX2_BUILD_20260810","Phase 22A Fix 2 firmware build output","core\freertos_stats.cpp.d","9800","A919C8277DA6FA6C6B7FE8202A4F3E10012056121DC70239F0D767C2A1C6B3D1","BuildOutput"
"Hydroponic_PHASE22A_FIX2_BUILD_20260810","Phase 22A Fix 2 firmware build output","core\freertos_stats.cpp.o","15252","E80C74E0DDEB94516554BE29DF79E0BF704EFC8BCF79633BD12B9E6392CC7712","BuildOutput"
"Hydroponic_PHASE22A_FIX2_BUILD_20260810","Phase 22A Fix 2 firmware build output","core\FunctionalInterrupt.cpp.d","21082","6C01C58AE1C1172E4B110FBA4D94136F74F87CD869B13DAE0C0EEF77EE512129","BuildOutput"
"Hydroponic_PHASE22A_FIX2_BUILD_20260810","Phase 22A Fix 2 firmware build output","core\FunctionalInterrupt.cpp.o","34796","6320F9A6E9900A1D2EE4E6FAF50EF48455456CE02FB69E3BBF705F4F5564C468","BuildOutput"
"Hydroponic_PHASE22A_FIX2_BUILD_20260810","Phase 22A Fix 2 firmware build output","core\HardwareSerial.cpp.d","21086","69E13CB7F33CD8F2654BA29D63B377454DA695525821FD4DF4ABF89748BEDEC3","BuildOutput"
"Hydroponic_PHASE22A_FIX2_BUILD_20260810","Phase 22A Fix 2 firmware build output","core\HardwareSerial.cpp.o","153944","2F057A1F12C52818A3F6153175E3D3C323AE9AD55296A104C219FCDD76C47CD6","BuildOutput"
"Hydroponic_PHASE22A_FIX2_BUILD_20260810","Phase 22A Fix 2 firmware build output","core\HashBuilder.cpp.d","1243","98B3623132872ABBF1FDA6D85E80841343BB1C2E009E35C89C76A382EECE4CBB","BuildOutput"
"Hydroponic_PHASE22A_FIX2_BUILD_20260810","Phase 22A Fix 2 firmware build output","core\HashBuilder.cpp.o","30992","2257EBD93FDD24709E5366A3BA05B3F623F6971F6619630CFF691C477CB6882B","BuildOutput"
"Hydroponic_PHASE22A_FIX2_BUILD_20260810","Phase 22A Fix 2 firmware build output","core\HEXBuilder.cpp.d","1135","149A4D31C6DC31DD7175CCCD0D93B50E1CDD180F60D7D2F995986051DD51B6D3","BuildOutput"
"Hydroponic_PHASE22A_FIX2_BUILD_20260810","Phase 22A Fix 2 firmware build output","core\HEXBuilder.cpp.o","38608","732A082B0E2428D9FDF70A7D663E063A978C104AABF909A43B2046E622EF6BF1","BuildOutput"
"Hydroponic_PHASE22A_FIX2_BUILD_20260810","Phase 22A Fix 2 firmware build output","core\HWCDC.cpp.d","496","74C7D737F62ED4B54C556D4EED00B5E33601431F4F0B5C7C78D583C68353AC8F","BuildOutput"
"Hydroponic_PHASE22A_FIX2_BUILD_20260810","Phase 22A Fix 2 firmware build output","core\HWCDC.cpp.o","1428","151348BFA56EAD3FE024912FCDCC122041218CD7F5C6C9F6590FB63DEBEE990B","BuildOutput"
"Hydroponic_PHASE22A_FIX2_BUILD_20260810","Phase 22A Fix 2 firmware build output","core\idf_openthread_mpool_wrapper.c.d","440","674984003B4EAC5F4094365DF5EF7ABE94928670815B897B6A7E69B842470715","BuildOutput"
"Hydroponic_PHASE22A_FIX2_BUILD_20260810","Phase 22A Fix 2 firmware build output","core\idf_openthread_mpool_wrapper.c.o","1416","F1106E8C7E49682E1EE2C549C31D854AFFC8F60A15417FCC6B9B90B0379A6BA2","BuildOutput"
"Hydroponic_PHASE22A_FIX2_BUILD_20260810","Phase 22A Fix 2 firmware build output","core\IPAddress.cpp.d","13507","13189C1576A3DF46C2275FD2CD466F5E477DEDFF62891BF3361DD9DCEB0335F8","BuildOutput"
"Hydroponic_PHASE22A_FIX2_BUILD_20260810","Phase 22A Fix 2 firmware build output","core\IPAddress.cpp.o","102248","2152BFCE7CC3FF1292613F070B75A6B3F795CD890785CE5E01DE9D0216BBE208","BuildOutput"
"Hydroponic_PHASE22A_FIX2_BUILD_20260810","Phase 22A Fix 2 firmware build output","core\libb64\cdecode.c.d","287","3FE33CFD2DAF9D95093E6CD58C36D40497033559257EC883C16445609A3A2883","BuildOutput"
"Hydroponic_PHASE22A_FIX2_BUILD_20260810","Phase 22A Fix 2 firmware build output","core\libb64\cdecode.c.o","17724","09A40E81E0C1B71A30BC1E3FC8C10A93832EB29415EF097DB6504D501735EE2B","BuildOutput"
"Hydroponic_PHASE22A_FIX2_BUILD_20260810","Phase 22A Fix 2 firmware build output","core\libb64\cencode.c.d","287","8382179E511DB02AF8FD9B786C4C73A0B0D7903809203076DB9211396B5A784D","BuildOutput"
"Hydroponic_PHASE22A_FIX2_BUILD_20260810","Phase 22A Fix 2 firmware build output","core\libb64\cencode.c.o","15648","612288E6CB7B048F0F881664CBE05696AB155369E5DEEC91479247AC844438A5","BuildOutput"
"Hydroponic_PHASE22A_FIX2_BUILD_20260810","Phase 22A Fix 2 firmware build output","core\MacAddress.cpp.d","21361","07AA65F5CED90F0FCDE72AAE7C8DBC7E173530EF9C25D74B295EAC37D0565070","BuildOutput"
"Hydroponic_PHASE22A_FIX2_BUILD_20260810","Phase 22A Fix 2 firmware build output","core\MacAddress.cpp.o","84340","5166E41C0F4695644CD1A35E0DB9D4536C3CF333547744F91E5F56370E7491AE","BuildOutput"
"Hydroponic_PHASE22A_FIX2_BUILD_20260810","Phase 22A Fix 2 firmware build output","core\main.cpp.d","22295","D0CCC69F1E5073787F33C0AF3A6D0687EE6A506B416E5B6DB3B50E99420DC65A","BuildOutput"
"Hydroponic_PHASE22A_FIX2_BUILD_20260810","Phase 22A Fix 2 firmware build output","core\main.cpp.o","36096","9CEACCE8E61E2ABDAE3950E41A34E4A3BDB42C49DB333D7A089F3A65C1EB5B28","BuildOutput"
"Hydroponic_PHASE22A_FIX2_BUILD_20260810","Phase 22A Fix 2 firmware build output","core\MD5Builder.cpp.d","2202","CBD809182B67D9C8BFAB343619B9A0506D2795769DA97676D3A6E02847FD6233","BuildOutput"
"Hydroponic_PHASE22A_FIX2_BUILD_20260810","Phase 22A Fix 2 firmware build output","core\MD5Builder.cpp.o","41460","7A89C9350915E65E88876167D156EE5D3D49B425F3CDC2B5BFBF32D2E0361258","BuildOutput"
"Hydroponic_PHASE22A_FIX2_BUILD_20260810","Phase 22A Fix 2 firmware build output","core\Print.cpp.d","20940","900DF4082B3A9E2A4F49A4D66A4FD8E77F25C270B1C9CEA2DC63A71730570D16","BuildOutput"
"Hydroponic_PHASE22A_FIX2_BUILD_20260810","Phase 22A Fix 2 firmware build output","core\Print.cpp.o","112760","8C25A41D2EFE62922D4E4724387386C2716D781C77BEE95F245D2A2AE6510578","BuildOutput"
"Hydroponic_PHASE22A_FIX2_BUILD_20260810","Phase 22A Fix 2 firmware build output","core\stdlib_noniso.c.d","1142","A6B85D3ACF2EE85B241714B112F8A1D57A9334AF43DB3BF2364403D7B3469A15","BuildOutput"
"Hydroponic_PHASE22A_FIX2_BUILD_20260810","Phase 22A Fix 2 firmware build output","core\stdlib_noniso.c.o","25680","D2F51F49207B43A121581CDA5DAAFDA34C932D65CCF631D36C652364F074B1EE","BuildOutput"
"Hydroponic_PHASE22A_FIX2_BUILD_20260810","Phase 22A Fix 2 firmware build output","core\Stream.cpp.d","20942","CB8AFDA49899FB8C79464564AF53B5DB9413AA842035729D01EDA42F3EFF8915","BuildOutput"
"Hydroponic_PHASE22A_FIX2_BUILD_20260810","Phase 22A Fix 2 firmware build output","core\Stream.cpp.o","81884","3DC6F99808F425949F29A5DB70C103CA7AC5CD668FBD3588E6A49376AF656692","BuildOutput"
"Hydroponic_PHASE22A_FIX2_BUILD_20260810","Phase 22A Fix 2 firmware build output","core\StreamString.cpp.d","21163","93402A38A9F8D6BE3EDA00A34A432ADEC543FC6FDD5020DFA5EA1E287E79D766","BuildOutput"
"Hydroponic_PHASE22A_FIX2_BUILD_20260810","Phase 22A Fix 2 firmware build output","core\StreamString.cpp.o","57968","82DCA14317849217D38E229653FBD478413676C6C11EF7708155D207BE3D1511","BuildOutput"
"Hydroponic_PHASE22A_FIX2_BUILD_20260810","Phase 22A Fix 2 firmware build output","core\StringUtils.cpp.d","609","E41BB50DFCBC687318407A3CBF2B9796740C51F73235EABE9FD6CC8B48D02089","BuildOutput"
"Hydroponic_PHASE22A_FIX2_BUILD_20260810","Phase 22A Fix 2 firmware build output","core\StringUtils.cpp.o","30148","0132CF2C35CE4CBC29DA7405E02329DAEC1EEE4EDEE07B655C6859ADA8D1A284","BuildOutput"
"Hydroponic_PHASE22A_FIX2_BUILD_20260810","Phase 22A Fix 2 firmware build output","core\Tone.cpp.d","21047","50E4E154D7429C7C47FED767E25DD74066EF159027B114E5DF9432931E3A77E9","BuildOutput"
"Hydroponic_PHASE22A_FIX2_BUILD_20260810","Phase 22A Fix 2 firmware build output","core\Tone.cpp.o","39996","8EC99BB04A13974AED6E485038D802A5FD582A0E76A006676FED5104647EA1FA","BuildOutput"
"Hydroponic_PHASE22A_FIX2_BUILD_20260810","Phase 22A Fix 2 firmware build output","core\USB.cpp.d","492","8A588512455C5C8F0BA9A816355C96F723D24F883389BFA7AEB1D93DF1D81759","BuildOutput"
"Hydroponic_PHASE22A_FIX2_BUILD_20260810","Phase 22A Fix 2 firmware build output","core\USB.cpp.o","1424","B22719B20EA7099C11ED18BD4FED18F3C7CA25EB9B646846F9089F9D8EEED922","BuildOutput"
"Hydroponic_PHASE22A_FIX2_BUILD_20260810","Phase 22A Fix 2 firmware build output","core\USBCDC.cpp.d","501","0ADAE8DE00778FE540DF97BB68253F25D6A2E01F68847D013956DF1B7546D51E","BuildOutput"
"Hydroponic_PHASE22A_FIX2_BUILD_20260810","Phase 22A Fix 2 firmware build output","core\USBCDC.cpp.o","1432","3287B24F4C76F8A4530264FB4486C3DC9958B75839F4285B0BAADB2475CD7FA5","BuildOutput"
"Hydroponic_PHASE22A_FIX2_BUILD_20260810","Phase 22A Fix 2 firmware build output","core\USBMSC.cpp.d","501","1BCCA77FDE344F1316C1AAE298C0098CC593DFB1AD69D2374500C1739F5D5EC0","BuildOutput"
"Hydroponic_PHASE22A_FIX2_BUILD_20260810","Phase 22A Fix 2 firmware build output","core\USBMSC.cpp.o","1432","DB2C790E79AF7CC2B1D1845827E36B09F965CA963FB8D4AD522BDBED6803B37E","BuildOutput"
"Hydroponic_PHASE22A_FIX2_BUILD_20260810","Phase 22A Fix 2 firmware build output","core\wiring_pulse.c.d","16405","061FB3F47C18FFBC494CC89D13CA156C44D20AACB449B90BA351B2E7EC16B5E1","BuildOutput"
"Hydroponic_PHASE22A_FIX2_BUILD_20260810","Phase 22A Fix 2 firmware build output","core\wiring_pulse.c.o","11636","ACCCEB93615735AB2120196B2D6DBBD734DAB1FB9AA3BF865DF8E0E64DE94CE8","BuildOutput"
"Hydroponic_PHASE22A_FIX2_BUILD_20260810","Phase 22A Fix 2 firmware build output","core\wiring_shift.c.d","16405","B67436D177B35E4861D921E8147DDC5649BDD51B838603C029CA71C977055E20","BuildOutput"
"Hydroponic_PHASE22A_FIX2_BUILD_20260810","Phase 22A Fix 2 firmware build output","core\wiring_shift.c.o","8528","88080AE134E17AC433240A0F57B1AFAB2D3D09CB111F7E7E0E352AF29B4D9972","BuildOutput"
"Hydroponic_PHASE22A_FIX2_BUILD_20260810","Phase 22A Fix 2 firmware build output","core\WMath.cpp.d","3672","AB4D542A415ECF0F100B513CFCCAC8629F0AA705D25639F307EC8D06A670EDDC","BuildOutput"
"Hydroponic_PHASE22A_FIX2_BUILD_20260810","Phase 22A Fix 2 firmware build output","core\WMath.cpp.o","17408","4F2877D409394B497F62B0047637686B700EDC78C7A2C8B3F54AC1410D32D537","BuildOutput"
"Hydroponic_PHASE22A_FIX2_BUILD_20260810","Phase 22A Fix 2 firmware build output","core\WString.cpp.d","20944","913FB45DC90C06C95551864B455DE92D0CD13F7A8C48217F22FD5D8F9E063F40","BuildOutput"
"Hydroponic_PHASE22A_FIX2_BUILD_20260810","Phase 22A Fix 2 firmware build output","core\WString.cpp.o","239148","5A04E87AC043AF6F3ECE5846F87E5867E7BABCA1571BEED73C299B713C9818BD","BuildOutput"
"Hydroponic_PHASE22A_FIX2_BUILD_20260810","Phase 22A Fix 2 firmware build output","file_opts","0","E3B0C44298FC1C149AFBF4C8996FB92427AE41E4649B934CA495991B7852B855","SourceOrDocumentation"
"Hydroponic_PHASE22A_FIX2_BUILD_20260810","Phase 22A Fix 2 firmware build output","flash_args","217","6A4E4AC1609B2B53F90C60CE7567087CC2143DDCD00DA2F8F27FE7E0F3BA8FE0","SourceOrDocumentation"
"Hydroponic_PHASE22A_FIX2_BUILD_20260810","Phase 22A Fix 2 firmware build output","Hydroponic_Device001.ino.bin","943856","526CFFE1A0C6ED29BF5717F79FB82B37EB82334541797B604F40D09C8249A538","BuildOutput"
"Hydroponic_PHASE22A_FIX2_BUILD_20260810","Phase 22A Fix 2 firmware build output","Hydroponic_Device001.ino.bootloader.bin","25024","F508DFE30F34C2490EC08CAAA96F20DC2853F66A0A92F6FB759B205E82924F29","BuildOutput"
"Hydroponic_PHASE22A_FIX2_BUILD_20260810","Phase 22A Fix 2 firmware build output","Hydroponic_Device001.ino.elf","12073724","9C7984EBE54DA2A20CFC4AF47C9650AE1F608BB955961BC0EF9AC0E0AE56C9FD","BuildOutput"
"Hydroponic_PHASE22A_FIX2_BUILD_20260810","Phase 22A Fix 2 firmware build output","Hydroponic_Device001.ino.map","14512772","B1E6683D46F387385B57F8B56EE447B781FD85FC216624AD3B728A4186237D91","BuildOutput"
"Hydroponic_PHASE22A_FIX2_BUILD_20260810","Phase 22A Fix 2 firmware build output","Hydroponic_Device001.ino.merged.bin","4194304","7EA9044F6F1244118976F59E45ACDBA7167996056B85EB1C8B2C98E87C0356C1","BuildOutput"
"Hydroponic_PHASE22A_FIX2_BUILD_20260810","Phase 22A Fix 2 firmware build output","Hydroponic_Device001.ino.partitions.bin","3072","148B959CBFF1C38AA8E1D5C0BA9D612C54997B945E56A63F41223EEF650653A1","BuildOutput"
"Hydroponic_PHASE22A_FIX2_BUILD_20260810","Phase 22A Fix 2 firmware build output","includes.cache","86342","B44FCF1B5405662EE8741AF997DFE4289D0FE8886A3F90F5DD709C096F0D600A","SourceOrDocumentation"
"Hydroponic_PHASE22A_FIX2_BUILD_20260810","Phase 22A Fix 2 firmware build output","libraries.cache","628","6D7E98751CC2E3020A2CD333AAC50D3975BBC5C87CE145B506C73A322B094C8B","SourceOrDocumentation"
"Hydroponic_PHASE22A_FIX2_BUILD_20260810","Phase 22A Fix 2 firmware build output","libraries\DallasTemperature\DallasTemperature.cpp.d","21195","6ABC1616B166CAC7734C57DED2C267D870482CCB345EDC2591D8C533030FB561","BuildOutput"
"Hydroponic_PHASE22A_FIX2_BUILD_20260810","Phase 22A Fix 2 firmware build output","libraries\DallasTemperature\DallasTemperature.cpp.libsdetect.d","21120","39B81FDF304C5D606C54529CAA3A047F8A94223E686E550F41101CC5605995B1","BuildOutput"
"Hydroponic_PHASE22A_FIX2_BUILD_20260810","Phase 22A Fix 2 firmware build output","libraries\DallasTemperature\DallasTemperature.cpp.o","149160","E196AB1CB1EEEAF7C43F9B6A3B32BAC6BF15CC4EEB1386487FB433C55B98837F","BuildOutput"
"Hydroponic_PHASE22A_FIX2_BUILD_20260810","Phase 22A Fix 2 firmware build output","libraries\Network\NetworkClient.cpp.d","26684","370CB8F07AEE81653503A3E310956CCDA8F1760EB90C8BD92809F96DBB2727C6","BuildOutput"
"Hydroponic_PHASE22A_FIX2_BUILD_20260810","Phase 22A Fix 2 firmware build output","libraries\Network\NetworkClient.cpp.libsdetect.d","26619","952F5F15D177A94D8E13098B2F50B1EC05D360FE27073EE7952C5491FF9E037B","BuildOutput"
"Hydroponic_PHASE22A_FIX2_BUILD_20260810","Phase 22A Fix 2 firmware build output","libraries\Network\NetworkClient.cpp.o","265848","4CEF704EA1E4B60475135F363F36B901B0216176C9A2DD1B5F738E6941336997","BuildOutput"
"Hydroponic_PHASE22A_FIX2_BUILD_20260810","Phase 22A Fix 2 firmware build output","libraries\Network\NetworkEvents.cpp.d","24801","8674F978121E28FC9C4D16E14E03E1527699A45B361AFC8F1AD7626E4B05F3D0","BuildOutput"
"Hydroponic_PHASE22A_FIX2_BUILD_20260810","Phase 22A Fix 2 firmware build output","libraries\Network\NetworkEvents.cpp.libsdetect.d","24736","B77F7124361BDFDAEC4F0D58FAC1B95CDEC755765F71219EED6168EB934A373B","BuildOutput"
"Hydroponic_PHASE22A_FIX2_BUILD_20260810","Phase 22A Fix 2 firmware build output","libraries\Network\NetworkEvents.cpp.o","416200","C814F804465E50E065315860F2BA709C6BC516E469640D89F8F4E6D95687D370","BuildOutput"
"Hydroponic_PHASE22A_FIX2_BUILD_20260810","Phase 22A Fix 2 firmware build output","libraries\Network\NetworkInterface.cpp.d","26620","962ADCCE7EB3DC30EDD49090A46A5FB19D953597882C5DA72BD37DE94E984251","BuildOutput"
"Hydroponic_PHASE22A_FIX2_BUILD_20260810","Phase 22A Fix 2 firmware build output","libraries\Network\NetworkInterface.cpp.libsdetect.d","26555","2CBF46EFCBD450CC33692EA1E4557E825946D0EFC0F07028EB6B08B687AF7245","BuildOutput"
"Hydroponic_PHASE22A_FIX2_BUILD_20260810","Phase 22A Fix 2 firmware build output","libraries\Network\NetworkInterface.cpp.o","217268","D8FA90E9BBAA12518A98408C74D6C419B9FDD4E952105E715A5E4B719143E3E1","BuildOutput"
"Hydroponic_PHASE22A_FIX2_BUILD_20260810","Phase 22A Fix 2 firmware build output","libraries\Network\NetworkManager.cpp.d","27204","848A409ADEE1920848D154755F03CA43A622F1A8CD331C03C811071C95C8B8A6","BuildOutput"
"Hydroponic_PHASE22A_FIX2_BUILD_20260810","Phase 22A Fix 2 firmware build output","libraries\Network\NetworkManager.cpp.libsdetect.d","27139","F9D2907826423EF34ED0CC9D1D48EA23C866CDB830286EAE0EBC8E82AA3A520F","BuildOutput"
"Hydroponic_PHASE22A_FIX2_BUILD_20260810","Phase 22A Fix 2 firmware build output","libraries\Network\NetworkManager.cpp.o","123084","95167CBE555C7C58B5DAFFE62FEB312C42344FCF46D19D6791FE8DF0A1807F25","BuildOutput"
"Hydroponic_PHASE22A_FIX2_BUILD_20260810","Phase 22A Fix 2 firmware build output","libraries\Network\NetworkServer.cpp.d","23296","B755BEC43A27D678E173306D9522B02A87C08C41E11036F9F7B2AA0F549214AA","BuildOutput"
"Hydroponic_PHASE22A_FIX2_BUILD_20260810","Phase 22A Fix 2 firmware build output","libraries\Network\NetworkServer.cpp.libsdetect.d","23231","6CA6F4FDCC6C1DEF8500C4AFA04D766AB91F9688F05DD30C19C3895C7F132156","BuildOutput"
"Hydroponic_PHASE22A_FIX2_BUILD_20260810","Phase 22A Fix 2 firmware build output","libraries\Network\NetworkServer.cpp.o","64784","A46CCE0A00AABF042B61C58DE873C35F9879F477029541E6CC8B448C7FF5054D","BuildOutput"
"Hydroponic_PHASE22A_FIX2_BUILD_20260810","Phase 22A Fix 2 firmware build output","libraries\Network\NetworkUdp.cpp.d","23293","C4EEE41C8583CFED5D3E25E71432611E78EA62EDF1BB828AD39F017DCC3DE5BC","BuildOutput"
"Hydroponic_PHASE22A_FIX2_BUILD_20260810","Phase 22A Fix 2 firmware build output","libraries\Network\NetworkUdp.cpp.libsdetect.d","23228","06DEB505990646F7CBD09F45476116B64E96ADC4EB0C000B645E308E81C93DE2","BuildOutput"
"Hydroponic_PHASE22A_FIX2_BUILD_20260810","Phase 22A Fix 2 firmware build output","libraries\Network\NetworkUdp.cpp.o","124292","7A1DB0BE5098DE9A7C3359234BB5CE31CC37F331FD1B456235404923193FC7D1","BuildOutput"
"Hydroponic_PHASE22A_FIX2_BUILD_20260810","Phase 22A Fix 2 firmware build output","libraries\OneWire\OneWire.cpp.d","21530","083AD62DABFC05A5AC451CAB4F993891EC2ADD571B3E3F0922C1837C6F582379","BuildOutput"
"Hydroponic_PHASE22A_FIX2_BUILD_20260810","Phase 22A Fix 2 firmware build output","libraries\OneWire\OneWire.cpp.libsdetect.d","21461","7ADE5C2AD1F4773949D9C7DB13BF07D3B7195624CE7DB75C38104A5009987265","BuildOutput"
"Hydroponic_PHASE22A_FIX2_BUILD_20260810","Phase 22A Fix 2 firmware build output","libraries\OneWire\OneWire.cpp.o","91832","95ADAD7DBD2F5E466D53893B7870F0E8716782C322D8874DAFC2627DD584D100","BuildOutput"
"Hydroponic_PHASE22A_FIX2_BUILD_20260810","Phase 22A Fix 2 firmware build output","libraries\PubSubClient\PubSubClient.cpp.d","21124","EAEDBF56B1CCC517E978C81CA3EC34E82BFC4FB9378545F6BDF9D6CDF73D879F","BuildOutput"
"Hydroponic_PHASE22A_FIX2_BUILD_20260810","Phase 22A Fix 2 firmware build output","libraries\PubSubClient\PubSubClient.cpp.libsdetect.d","21054","F11B6762969EEE015807D9E1A547C3117787C797E0E1623635B2AA99BBB5BE81","BuildOutput"
"Hydroponic_PHASE22A_FIX2_BUILD_20260810","Phase 22A Fix 2 firmware build output","libraries\PubSubClient\PubSubClient.cpp.o","219356","D3AE9252F6744E644734C7FEEF6AEA38E51D0C600A0139DBE947C6082459CA55","BuildOutput"
"Hydroponic_PHASE22A_FIX2_BUILD_20260810","Phase 22A Fix 2 firmware build output","libraries\WiFi\AP.cpp.d","28303","9EB5FAA624793132B755456F00D8C138086B7F98F90125BB96DFDF9CB4D9C4E3","BuildOutput"
"Hydroponic_PHASE22A_FIX2_BUILD_20260810","Phase 22A Fix 2 firmware build output","libraries\WiFi\AP.cpp.libsdetect.d","28241","D1AB7B434E80B8A225A08227524DB95B7BB295424C3E96C3514CC3DF8AB72CF3","BuildOutput"
"Hydroponic_PHASE22A_FIX2_BUILD_20260810","Phase 22A Fix 2 firmware build output","libraries\WiFi\AP.cpp.o","177556","5073D556ADA0B139B1449ED2324B422CE55E0ED60F29B96A7AF7544AF5175705","BuildOutput"
"Hydroponic_PHASE22A_FIX2_BUILD_20260810","Phase 22A Fix 2 firmware build output","libraries\WiFi\STA.cpp.d","28660","C27D5FD7EAF1D6973314A1E31C16C3B78F9282C1671CA2BF2005343206DF69CA","BuildOutput"
"Hydroponic_PHASE22A_FIX2_BUILD_20260810","Phase 22A Fix 2 firmware build output","libraries\WiFi\STA.cpp.libsdetect.d","28598","F4FCA72B506668F5A178A8D88C8BC82D1D3F666A139193C7B3513E53D74C9E16","BuildOutput"
"Hydroponic_PHASE22A_FIX2_BUILD_20260810","Phase 22A Fix 2 firmware build output","libraries\WiFi\STA.cpp.o","220652","EF6F20210BFB9BB66EF75E5722ABCEE352479A61D7E8E0FABD773F9710F38625","BuildOutput"
"Hydroponic_PHASE22A_FIX2_BUILD_20260810","Phase 22A Fix 2 firmware build output","libraries\WiFi\WiFi.cpp.d","28044","BDB0DD79CD19F52E098429D704B123BFD1B6A4C251378845FEFBB597A6FA824B","BuildOutput"
"Hydroponic_PHASE22A_FIX2_BUILD_20260810","Phase 22A Fix 2 firmware build output","libraries\WiFi\WiFi.cpp.libsdetect.d","27982","DC8D01F9AA7002FAA30FBA2C8BB2AC01856ED4E0E13921A6E681CB8A9E0FBA7A","BuildOutput"
"Hydroponic_PHASE22A_FIX2_BUILD_20260810","Phase 22A Fix 2 firmware build output","libraries\WiFi\WiFi.cpp.o","108544","18FDADA71D58F236B19185F416B07ECBBDEC02CB7E8CC870436955AFB817E2AE","BuildOutput"
"Hydroponic_PHASE22A_FIX2_BUILD_20260810","Phase 22A Fix 2 firmware build output","libraries\WiFi\WiFiAP.cpp.d","28188","F95412284CD6DC51A7B860F9CBE9E90734812D60939B89611E7EF463FCF304DE","BuildOutput"
"Hydroponic_PHASE22A_FIX2_BUILD_20260810","Phase 22A Fix 2 firmware build output","libraries\WiFi\WiFiAP.cpp.libsdetect.d","28126","B2D3BFD8CE4BF1644323CFE978056E04CEA17B7FBCF1026B6F7ABB51EFA177B4","BuildOutput"
"Hydroponic_PHASE22A_FIX2_BUILD_20260810","Phase 22A Fix 2 firmware build output","libraries\WiFi\WiFiAP.cpp.o","84100","C5D17EEA368B0C77733EC4389BD8BD7EDD4FB4259C1808DAF0FBEF9D36FCF0D3","BuildOutput"
"Hydroponic_PHASE22A_FIX2_BUILD_20260810","Phase 22A Fix 2 firmware build output","libraries\WiFi\WiFiGeneric.cpp.d","29940","64F741A8C341D16741344EF4D724162BD51ABC957B32BF9B20BA72BC77A32B5E","BuildOutput"
"Hydroponic_PHASE22A_FIX2_BUILD_20260810","Phase 22A Fix 2 firmware build output","libraries\WiFi\WiFiGeneric.cpp.libsdetect.d","29878","24240E226A00FDBAC39C3614FB9B502588C5AF9AE38727BED61C2FA91277C3E1","BuildOutput"
"Hydroponic_PHASE22A_FIX2_BUILD_20260810","Phase 22A Fix 2 firmware build output","libraries\WiFi\WiFiGeneric.cpp.o","224152","CCE22CB43B0FDAD6A5CE15A9B2A9E44A810900FE9C912A751A0AF29345B69C69","BuildOutput"
"Hydroponic_PHASE22A_FIX2_BUILD_20260810","Phase 22A Fix 2 firmware build output","libraries\WiFi\WiFiMulti.cpp.d","27519","4D04B4250398FFE553FAEEF70727F5EF24D5AD2F360504AB46E76732923A0BD5","BuildOutput"
"Hydroponic_PHASE22A_FIX2_BUILD_20260810","Phase 22A Fix 2 firmware build output","libraries\WiFi\WiFiMulti.cpp.libsdetect.d","27457","DF56E1AD1C393DBFB1581991CBA3E10CF3F292F796F714AF95B72469F86C2F54","BuildOutput"
"Hydroponic_PHASE22A_FIX2_BUILD_20260810","Phase 22A Fix 2 firmware build output","libraries\WiFi\WiFiMulti.cpp.o","195612","7F16BF6163F3C82EDF0774E4369AC9FC0C08FD3C756EB9676C9981F2E4C5715A","BuildOutput"
"Hydroponic_PHASE22A_FIX2_BUILD_20260810","Phase 22A Fix 2 firmware build output","libraries\WiFi\WiFiScan.cpp.d","28279","F87E1C9C4A7251A643BD2577898DE6C9C7B23D42C2A8AA9AA747203C9336C47F","BuildOutput"
"Hydroponic_PHASE22A_FIX2_BUILD_20260810","Phase 22A Fix 2 firmware build output","libraries\WiFi\WiFiScan.cpp.libsdetect.d","28217","9C9A7F551C6F3F450ADDC34B7824A2FA79751D49AC704A09337E5D3CED03FC9B","BuildOutput"
"Hydroponic_PHASE22A_FIX2_BUILD_20260810","Phase 22A Fix 2 firmware build output","libraries\WiFi\WiFiScan.cpp.o","121212","CEC166178AAAB659DFDCBD7A089FF844EA12DB14E042A0FD72065F05B86AC92E","BuildOutput"
"Hydroponic_PHASE22A_FIX2_BUILD_20260810","Phase 22A Fix 2 firmware build output","libraries\WiFi\WiFiSTA.cpp.d","28668","0C986B7573B3B5F5BFE4B34AAA866D5A0ED061A5C6453F192CCBFBC19847E2E6","BuildOutput"
"Hydroponic_PHASE22A_FIX2_BUILD_20260810","Phase 22A Fix 2 firmware build output","libraries\WiFi\WiFiSTA.cpp.libsdetect.d","28606","F92C2A2CDDFD72B35D61EC22E9ABBA1C9DDE9C9C9AF61FA67EBD6C38A88BD850","BuildOutput"
"Hydroponic_PHASE22A_FIX2_BUILD_20260810","Phase 22A Fix 2 firmware build output","libraries\WiFi\WiFiSTA.cpp.o","153224","7D5D696538432CF7F96FF35068B0FF9F500BBCEDBD707F89A9C83F86CEC95A2C","BuildOutput"
"Hydroponic_PHASE22A_FIX2_BUILD_20260810","Phase 22A Fix 2 firmware build output","partitions.csv","305","2683FD26B661BC909DCB8A9F05723D36C4000F9396995941A278FDA409B753F7","SourceOrDocumentation"
"Hydroponic_PHASE22A_FIX2_BUILD_20260810","Phase 22A Fix 2 firmware build output","sdkconfig","111036","725F5C5EEF387946183F54D3D793FB6DC12F242B401688F83AB21E7C5A5EE853","SourceOrDocumentation"
"Hydroponic_PHASE22A_FIX2_BUILD_20260810","Phase 22A Fix 2 firmware build output","sketch\Config.h","1873","06AE2438F0F80BC9567683F170D64D5C622CE52CDE94A8E43E911739881B7F03","SourceOrDocumentation"
"Hydroponic_PHASE22A_FIX2_BUILD_20260810","Phase 22A Fix 2 firmware build output","sketch\Hydroponic_Device001.ino.cpp","21935","40040F07B23FAA9B4FF6CE172E3C0A977910692748379FBD1FA7368EE3ACD0F6","SourceOrDocumentation"
"Hydroponic_PHASE22A_FIX2_BUILD_20260810","Phase 22A Fix 2 firmware build output","sketch\Hydroponic_Device001.ino.cpp.d","21422","CA2581E7458D281E57770045A9B4A90ACA00C5AC23750587B3B881CE84A7AE39","BuildOutput"
"Hydroponic_PHASE22A_FIX2_BUILD_20260810","Phase 22A Fix 2 firmware build output","sketch\Hydroponic_Device001.ino.cpp.merged","19109","3C06B5ADF396556CC49D84F25F2C33D40DC7BC8B9985D539D3E7AD92CEEFA6CC","SourceOrDocumentation"
"Hydroponic_PHASE22A_FIX2_BUILD_20260810","Phase 22A Fix 2 firmware build output","sketch\Hydroponic_Device001.ino.cpp.merged.libsdetect.d","21379","CE1F0FECF77C6675F349E6F893E8F4DE11E999ED15D0401A02DEAB6B027A8934","BuildOutput"
"Hydroponic_PHASE22A_FIX2_BUILD_20260810","Phase 22A Fix 2 firmware build output","sketch\Hydroponic_Device001.ino.cpp.o","201452","5926C270140CF0A1F66B82E23FD01DC95868BF7BCF9DE3E5E982A371561DCF29","BuildOutput"
"Hydroponic_PHASE22A_FIX2_BUILD_20260810","Phase 22A Fix 2 firmware build output","sketch\MqttService.cpp","3775","85D8CCE6FCDBB212B351B94D2A2C6C1BBA22C654EA4FF64FB7EC9C54FC5CBA7D","SourceOrDocumentation"
"Hydroponic_PHASE22A_FIX2_BUILD_20260810","Phase 22A Fix 2 firmware build output","sketch\MqttService.cpp.d","27418","151B8A7323F3E43D9C1DBBA154BFEF4F982D2B638F247FCFC1422DC903823C1B","BuildOutput"
"Hydroponic_PHASE22A_FIX2_BUILD_20260810","Phase 22A Fix 2 firmware build output","sketch\MqttService.cpp.libsdetect.d","27364","D244C1F1AD31E9F740BAB0C9B4920335D69C90416F76DDE6594AF83FA79079D0","BuildOutput"
"Hydroponic_PHASE22A_FIX2_BUILD_20260810","Phase 22A Fix 2 firmware build output","sketch\MqttService.cpp.o","142856","4C2EB90BEEB560C6BCD6D0BDE1D1A37D18C17F1EF5D169A8088292676D69B777","BuildOutput"
"Hydroponic_PHASE22A_FIX2_BUILD_20260810","Phase 22A Fix 2 firmware build output","sketch\MqttService.h","521","0663AA3FF42A716844DD9E3D5AD130027437CA72DA08CD560B7B3B8611CC0C1D","SourceOrDocumentation"
"Hydroponic_PHASE22A_FIX2_BUILD_20260810","Phase 22A Fix 2 firmware build output","sketch\PayloadBuilder.cpp","5284","A83E032094A72CCFA8BEA8354DD823046C0170E09A4BBB3F93F79D4A46B9295F","SourceOrDocumentation"
"Hydroponic_PHASE22A_FIX2_BUILD_20260810","Phase 22A Fix 2 firmware build output","sketch\PayloadBuilder.cpp.d","21256","073A6F81D440017E99B30EBDEC0479AE331294F62120B7626C629DDABA9D41DA","BuildOutput"
"Hydroponic_PHASE22A_FIX2_BUILD_20260810","Phase 22A Fix 2 firmware build output","sketch\PayloadBuilder.cpp.libsdetect.d","21202","4CDAA800A0F566A02E6D95026B877D3469CEA7DBC67EAEB014A87DBE3E41F72C","BuildOutput"
"Hydroponic_PHASE22A_FIX2_BUILD_20260810","Phase 22A Fix 2 firmware build output","sketch\PayloadBuilder.cpp.o","132292","968A0BD77918E1F191103EB369D0D7EE3B099EF28DFA9FF5BF2869DB897EC5F7","BuildOutput"
"Hydroponic_PHASE22A_FIX2_BUILD_20260810","Phase 22A Fix 2 firmware build output","sketch\PayloadBuilder.h","630","AFF1C0EB9F43904367D2031CBE8B44E46A9F18BC5E1CEEE949A6F0B55FDB6F68","SourceOrDocumentation"
"Hydroponic_PHASE22A_FIX2_BUILD_20260810","Phase 22A Fix 2 firmware build output","sketch\Pumps.cpp","1373","EE3715550F30DA6A0E127AC8B8D4B82044C9366082196A19ED7DBDB70BE5858B","SourceOrDocumentation"
"Hydroponic_PHASE22A_FIX2_BUILD_20260810","Phase 22A Fix 2 firmware build output","sketch\Pumps.cpp.d","21029","EADCAA3294D2EA5FDF6FC9CCE5949E7FABE7443FC442164ECC8FAFF30E18E37E","BuildOutput"
"Hydroponic_PHASE22A_FIX2_BUILD_20260810","Phase 22A Fix 2 firmware build output","sketch\Pumps.cpp.libsdetect.d","20971","D9ECBD053A22D5A4F1CD11F5C17C7584EB8EF2218F9070EFCE61B1F6DC1D46C4","BuildOutput"
"Hydroponic_PHASE22A_FIX2_BUILD_20260810","Phase 22A Fix 2 firmware build output","sketch\Pumps.cpp.o","35636","A5973C73AD1A041179C84F6D92C2CDD55A5EAB1322F9130C6E86FC94477BC517","BuildOutput"
"Hydroponic_PHASE22A_FIX2_BUILD_20260810","Phase 22A Fix 2 firmware build output","sketch\Pumps.h","376","9D9B401597A7221B767165F7F1E0E2B23B7B08EAD9739871613F80160A25FF8E","SourceOrDocumentation"
"Hydroponic_PHASE22A_FIX2_BUILD_20260810","Phase 22A Fix 2 firmware build output","sketch\Sensors.cpp","4271","7C6ABAEDB398498667C904C7AED7CAD1F0B63D41975178757D9690DDC357490A","SourceOrDocumentation"
"Hydroponic_PHASE22A_FIX2_BUILD_20260810","Phase 22A Fix 2 firmware build output","sketch\Sensors.cpp.d","21270","83E9D3CB6A75011033D3A85D0F7FF9808913A24B5498DD591AE7CCDF7D4704AE","BuildOutput"
"Hydroponic_PHASE22A_FIX2_BUILD_20260810","Phase 22A Fix 2 firmware build output","sketch\Sensors.cpp.libsdetect.d","21212","73E83D7035B3D57EA186CCCB6AB99DE3F969C0B3C2304FA26A6269F44C7D4FF6","BuildOutput"
"Hydroponic_PHASE22A_FIX2_BUILD_20260810","Phase 22A Fix 2 firmware build output","sketch\Sensors.cpp.o","56192","5609C2FAFBAF9DEDF374F45F462A329DAE4664DA716638B9212F761AF699FC3D","BuildOutput"
"Hydroponic_PHASE22A_FIX2_BUILD_20260810","Phase 22A Fix 2 firmware build output","sketch\Sensors.h","492","6FFFDA01DCE38DB3AFF9B47BACCD66DC2A7DC7E82DD693EA8AA3F74A2708CD43","SourceOrDocumentation"
"Hydroponic_PHASE22A_FIX2_BUILD_20260810","Phase 22A Fix 2 firmware build output","sketch\TelemetryIdentity.cpp","1194","757B143D9E706DA40081A8DC957CB9E65C3FCC8079A231AFBC13DEC3E33E18E5","SourceOrDocumentation"
"Hydroponic_PHASE22A_FIX2_BUILD_20260810","Phase 22A Fix 2 firmware build output","sketch\TelemetryIdentity.cpp.d","21139","AED6A3BD68755C1A23800FE9F1EE06B702A81D763792A22BA860A676D698B695","BuildOutput"
"Hydroponic_PHASE22A_FIX2_BUILD_20260810","Phase 22A Fix 2 firmware build output","sketch\TelemetryIdentity.cpp.libsdetect.d","21085","89C2C785C72947FAECFEF648FB96F6830E0F8CECDF703CD00A783D564781E406","BuildOutput"
"Hydroponic_PHASE22A_FIX2_BUILD_20260810","Phase 22A Fix 2 firmware build output","sketch\TelemetryIdentity.cpp.o","53740","7D29E8EDC24422BC225BF138D8EFD594A73D9EB8CD45F954362DBFF0C96D63DA","BuildOutput"
"Hydroponic_PHASE22A_FIX2_BUILD_20260810","Phase 22A Fix 2 firmware build output","sketch\TelemetryIdentity.h","526","A1507A8BC8347B462B580DAA1380C804868A9370331E9CDF02512C091E07E50E","SourceOrDocumentation"
"Hydroponic_PHASE22A_FIX2_BUILD_20260810","Phase 22A Fix 2 firmware build output","sketch\TelemetryPublishState.h","896","C37F5C1EB75A7485C7FBCDF8B702DE3F7FE26D7ECB330D10D20B5B34B328797B","SourceOrDocumentation"
"Hydroponic_PHASE22A_FIX2_BUILD_20260810","Phase 22A Fix 2 firmware build output","sketch\TelemetrySequence.h","514","D8B8F029B599A9195BDAD28ECD5D2AC1ECB9D86F4A8DDE3E9DFB35CFF4C0D456","SourceOrDocumentation"
"Hydroponic_PHASE22B_STAGE1_BUILD_20260810","Stage 1 firmware build output","boot_app0.bin","8192","F94C5D786A7A8FAB06AC5D10E33BF37711A6697636DC037559EA19CC410A17F0","BuildOutput"
"Hydroponic_PHASE22B_STAGE1_BUILD_20260810","Stage 1 firmware build output","build.options.json","873","AE590744C7A568FCF9C0A9BF36393CE99BA84C1D8696943E1926E71379E05CAB","SourceOrDocumentation"
"Hydroponic_PHASE22B_STAGE1_BUILD_20260810","Stage 1 firmware build output","build_opt.h","0","E3B0C44298FC1C149AFBF4C8996FB92427AE41E4649B934CA495991B7852B855","SourceOrDocumentation"
"Hydroponic_PHASE22B_STAGE1_BUILD_20260810","Stage 1 firmware build output","compile_commands.json","196939","6913F4FCDABFC84C33BBC3978E1008DF2B2AEDCAEE527650ABFAA495922D07B6","SourceOrDocumentation"
"Hydroponic_PHASE22B_STAGE1_BUILD_20260810","Stage 1 firmware build output","core\base64.cpp.d","21263","3CE87B49C998978948744E317307D3C038A2C95381F25BD26C426C74060BFF91","BuildOutput"
"Hydroponic_PHASE22B_STAGE1_BUILD_20260810","Stage 1 firmware build output","core\base64.cpp.o","43032","720BD497601FB750EE6B82F610A8831A3199CD9B4393821D09F2043AE2A6F2B3","BuildOutput"
"Hydroponic_PHASE22B_STAGE1_BUILD_20260810","Stage 1 firmware build output","core\cbuf.cpp.d","10771","5029DC9E08FBFF22D61215B784E3F01BFB1426F7380CAED776569FE21511762D","BuildOutput"
"Hydroponic_PHASE22B_STAGE1_BUILD_20260810","Stage 1 firmware build output","core\cbuf.cpp.o","42276","15A3E54F252DA8BB48AB1E2203CA2277FFDC0ECBFA87F3CE3971D7474E7D3D70","BuildOutput"
"Hydroponic_PHASE22B_STAGE1_BUILD_20260810","Stage 1 firmware build output","core\chip-debug-report.cpp.d","23455","F68106596AB1FCED3F8870CB43CEB5F2F1616ED5DB861788C196483702E4E239","BuildOutput"
"Hydroponic_PHASE22B_STAGE1_BUILD_20260810","Stage 1 firmware build output","core\chip-debug-report.cpp.o","91600","2B37B4550A7E51A33263F48CE7231B033D227CEE5794D1B937CA90D9F21BF7A8","BuildOutput"
"Hydroponic_PHASE22B_STAGE1_BUILD_20260810","Stage 1 firmware build output","core\ColorFormat.c.d","280","7E44D7082C586093CDEBE345FC15B1BA0F78FEA1236B72D33179B3C70F1BA1B1","BuildOutput"
"Hydroponic_PHASE22B_STAGE1_BUILD_20260810","Stage 1 firmware build output","core\ColorFormat.c.o","44220","41547DFDBCA5E9AED0037A6F52DC18F20B78C0A02C3B70583B702B54FB604CD9","BuildOutput"
"Hydroponic_PHASE22B_STAGE1_BUILD_20260810","Stage 1 firmware build output","core\core.a","2764458","8DFA375B2B822232CB499771E503A248CAEC80E2394385A146583C7356F999A1","BuildOutput"
"Hydroponic_PHASE22B_STAGE1_BUILD_20260810","Stage 1 firmware build output","core\Esp.cpp.d","24902","DF6CF82C1E5B1D88C21CF2A73CD0A089B0253BECC2B1523A0040BA0E48475559","BuildOutput"
"Hydroponic_PHASE22B_STAGE1_BUILD_20260810","Stage 1 firmware build output","core\Esp.cpp.o","157196","C6265553C40BF7212795F52B624285E9795002FD8E9EB8DE65DAF167B2EE41BB","BuildOutput"
"Hydroponic_PHASE22B_STAGE1_BUILD_20260810","Stage 1 firmware build output","core\esp32-hal-adc.c.d","16418","DF03706A40BCB2A2FEF1F6F7EE380FC12A4F3E4A82CAE2496267BD13B946F5E7","BuildOutput"
"Hydroponic_PHASE22B_STAGE1_BUILD_20260810","Stage 1 firmware build output","core\esp32-hal-adc.c.o","72580","6BC27E575D802A231E57DD63171F09FB589C51F5A0E7120EC7E7D8C1470C2B68","BuildOutput"
"Hydroponic_PHASE22B_STAGE1_BUILD_20260810","Stage 1 firmware build output","core\esp32-hal-bt.c.d","15909","16679E2E75BD7F9563CC6CF68881DE625550B7860586C06AE9FA5C29B1AAA4A4","BuildOutput"
"Hydroponic_PHASE22B_STAGE1_BUILD_20260810","Stage 1 firmware build output","core\esp32-hal-bt.c.o","28860","B9E6C54A8471834872AB85B45DF3445069F632C25B48AC4379D8FBB91E4FF853","BuildOutput"
"Hydroponic_PHASE22B_STAGE1_BUILD_20260810","Stage 1 firmware build output","core\esp32-hal-cpu.c.d","18360","41F8C4F46AAB0823B38D79E9CD7BF46C0FA39029C229B48A8FDE42F9798B5398","BuildOutput"
"Hydroponic_PHASE22B_STAGE1_BUILD_20260810","Stage 1 firmware build output","core\esp32-hal-cpu.c.o","42840","F7D930AB2B8CB7131196C95FA086A26CA5BB1C534EA33F6555A45F3A834A4833","BuildOutput"
"Hydroponic_PHASE22B_STAGE1_BUILD_20260810","Stage 1 firmware build output","core\esp32-hal-dac.c.d","16281","E26D75739768D28DB67FA32E7C472C893114E8C16F1836F7097D3B04C2EE3F83","BuildOutput"
"Hydroponic_PHASE22B_STAGE1_BUILD_20260810","Stage 1 firmware build output","core\esp32-hal-dac.c.o","14300","860B17D8E6ABE39912755D78333F05A2C00AB810B4008C72C7EE410D92F1930F","BuildOutput"
"Hydroponic_PHASE22B_STAGE1_BUILD_20260810","Stage 1 firmware build output","core\esp32-hal-gpio.c.d","17159","8860EAFC7F61270DA03AC3E906747E284A98A57A7AEAC6542105545702FB8D08","BuildOutput"
"Hydroponic_PHASE22B_STAGE1_BUILD_20260810","Stage 1 firmware build output","core\esp32-hal-gpio.c.o","41460","2DB18CFA8A51B02AC1EB34627AFD03DC1FB4CFD508D30F69B90D5EC660F1085D","BuildOutput"
"Hydroponic_PHASE22B_STAGE1_BUILD_20260810","Stage 1 firmware build output","core\esp32-hal-hosted.c.d","295","51FDF45914B37C7F5A86465707F005C8A6230E3A735081CCAB9645A6600071ED","BuildOutput"
"Hydroponic_PHASE22B_STAGE1_BUILD_20260810","Stage 1 firmware build output","core\esp32-hal-hosted.c.o","1412","96CA2DFD01D8229D7D04A9A547CB031B1822DBC7FA055E7AD059AB68CF9083FE","BuildOutput"
"Hydroponic_PHASE22B_STAGE1_BUILD_20260810","Stage 1 firmware build output","core\esp32-hal-i2c.c.d","1012","2F2043A78BD95A49738ACA561F4B9FCA3C347617E6F55BBE8689C4EABF017643","BuildOutput"
"Hydroponic_PHASE22B_STAGE1_BUILD_20260810","Stage 1 firmware build output","core\esp32-hal-i2c.c.o","2372","83FFECB83455F81DABAB476778001B267DC54604EE752C26666BEC77A5D47498","BuildOutput"
"Hydroponic_PHASE22B_STAGE1_BUILD_20260810","Stage 1 firmware build output","core\esp32-hal-i2c-ng.c.d","16160","E89BD7BEA62BC21D145D61753CD683904735AF5FD1595B233CD412148A4ED99C","BuildOutput"
"Hydroponic_PHASE22B_STAGE1_BUILD_20260810","Stage 1 firmware build output","core\esp32-hal-i2c-ng.c.o","44984","041C378C84992CC3C27523275CE6084C9940EA4AB35DEDE7DD34BE76638C4CC9","BuildOutput"
"Hydroponic_PHASE22B_STAGE1_BUILD_20260810","Stage 1 firmware build output","core\esp32-hal-i2c-slave.c.d","14029","712436DB64C891C121A441167B4235E9D0E7CBF3F666A377BCA5436082E76D1F","BuildOutput"
"Hydroponic_PHASE22B_STAGE1_BUILD_20260810","Stage 1 firmware build output","core\esp32-hal-i2c-slave.c.o","106392","E4272E405EE69FD620D9006A78B1B250E65684CEA292C8D472DCE77E796EDB2E","BuildOutput"
"Hydroponic_PHASE22B_STAGE1_BUILD_20260810","Stage 1 firmware build output","core\esp32-hal-ldo.c.d","885","0422141DFDEA1D2FFF5F37BB0FFA4DAA2281166CA7EB7599A95F3D04C0BB4567","BuildOutput"
"Hydroponic_PHASE22B_STAGE1_BUILD_20260810","Stage 1 firmware build output","core\esp32-hal-ldo.c.o","2372","3CE4DBD9E897C33CCA39C54C2406CDFC699EF5A5A56E22E8D6B84B4DC42E9457","BuildOutput"
"Hydroponic_PHASE22B_STAGE1_BUILD_20260810","Stage 1 firmware build output","core\esp32-hal-ledc.c.d","16528","4815FA5B6CAF447EE8B37805DAC51632BB35515C90D4462053E36854DEFCEFAD","BuildOutput"
"Hydroponic_PHASE22B_STAGE1_BUILD_20260810","Stage 1 firmware build output","core\esp32-hal-ledc.c.o","87268","C87022B38E9E0132BF6715BFCA57A248E7F40F938FFE54E7F5A72755BADC3089","BuildOutput"
"Hydroponic_PHASE22B_STAGE1_BUILD_20260810","Stage 1 firmware build output","core\esp32-hal-log-wrapper.c.d","305","4BE15405F6D6BE1D2FB14B77DD49C8BA1E1AD4DBBFB7D40FE1CB78374706C583","BuildOutput"
"Hydroponic_PHASE22B_STAGE1_BUILD_20260810","Stage 1 firmware build output","core\esp32-hal-log-wrapper.c.o","1420","1AECA5DD97182087096CD635BD92840FE2F5B7045721F98D73D6DCA8D004C4A2","BuildOutput"
"Hydroponic_PHASE22B_STAGE1_BUILD_20260810","Stage 1 firmware build output","core\esp32-hal-matrix.c.d","15689","CA5ABFBE54738CBEF822E6E3571482BFD0212DAB451A2401429DE03E47B77E85","BuildOutput"
"Hydroponic_PHASE22B_STAGE1_BUILD_20260810","Stage 1 firmware build output","core\esp32-hal-matrix.c.o","8368","5161B900BB6ABC8B7F1555A1EE4FE590AB937A55D3EA5110E6EC6C6548F0873A","BuildOutput"
"Hydroponic_PHASE22B_STAGE1_BUILD_20260810","Stage 1 firmware build output","core\esp32-hal-misc.c.d","19084","FD49AD437F4D221B11E1D3E63BA5D07429F998F3170C777FC781B0217799E1D0","BuildOutput"
"Hydroponic_PHASE22B_STAGE1_BUILD_20260810","Stage 1 firmware build output","core\esp32-hal-misc.c.o","54392","C3458549C19DF6F48429A7CCA6CBF508C4028771B97725C738AD9BF5898F77D6","BuildOutput"
"Hydroponic_PHASE22B_STAGE1_BUILD_20260810","Stage 1 firmware build output","core\esp32-hal-periman.c.d","3650","EAF254B08C8F86338FCDCDFFC508B1D431CFE75B7FB6FA3D96FBF4989534320F","BuildOutput"
"Hydroponic_PHASE22B_STAGE1_BUILD_20260810","Stage 1 firmware build output","core\esp32-hal-periman.c.o","33020","57D8C5A40DFC448C2849A956A58CE06288600CDA868AD8FF7A96882E4F3E44D8","BuildOutput"
"Hydroponic_PHASE22B_STAGE1_BUILD_20260810","Stage 1 firmware build output","core\esp32-hal-psram.c.d","15434","F6C2F080701345840645E42901E405F0C051A6286CBA3A492431EE617FB205A9","BuildOutput"
"Hydroponic_PHASE22B_STAGE1_BUILD_20260810","Stage 1 firmware build output","core\esp32-hal-psram.c.o","7276","AFE7DA284496A961211906762E69BECCB24CD736232663D0A962C9EB485E078F","BuildOutput"
"Hydroponic_PHASE22B_STAGE1_BUILD_20260810","Stage 1 firmware build output","core\esp32-hal-rgb-led.c.d","15549","4E129EE87B3998B2B7413D627C19A3FE94F92ABB02357FF3B9648C3F69C934EE","BuildOutput"
"Hydroponic_PHASE22B_STAGE1_BUILD_20260810","Stage 1 firmware build output","core\esp32-hal-rgb-led.c.o","12164","3F913633B89F5132D6CE47A39F1649CEEACBFFDC293657DCE7D39F53F0C27923","BuildOutput"
"Hydroponic_PHASE22B_STAGE1_BUILD_20260810","Stage 1 firmware build output","core\esp32-hal-rmt.c.d","17183","A758B43BDFDED648543429CF5AF39ABF05373D056BFCC4247077A415ECDC4D10","BuildOutput"
"Hydroponic_PHASE22B_STAGE1_BUILD_20260810","Stage 1 firmware build output","core\esp32-hal-rmt.c.o","70268","839FBA15CD0F57632F850672333840BB5CAD1BD2C422A484EDC004B7F5101DCD","BuildOutput"
"Hydroponic_PHASE22B_STAGE1_BUILD_20260810","Stage 1 firmware build output","core\esp32-hal-sigmadelta.c.d","15911","F85DE8462C85A6C2B071BE11C228B4453ACB65B13EED0D339D7DDA0A29CCE5AD","BuildOutput"
"Hydroponic_PHASE22B_STAGE1_BUILD_20260810","Stage 1 firmware build output","core\esp32-hal-sigmadelta.c.o","16792","248F6F4C214C6DA508FFDB04FA2EE4852D0E5325CFAEB3F2E4E80FE919C1DE2E","BuildOutput"
"Hydroponic_PHASE22B_STAGE1_BUILD_20260810","Stage 1 firmware build output","core\esp32-hal-spi.c.d","17814","C383F06BC61C895FDF201769CE6E718FED89FD67522A2EC40CD122CA15A88184","BuildOutput"
"Hydroponic_PHASE22B_STAGE1_BUILD_20260810","Stage 1 firmware build output","core\esp32-hal-spi.c.o","149416","E9D02D098BAFA3B10FF3B3EC485C67576B7EC68FBF60FAA8CBE71C4741B813E5","BuildOutput"
"Hydroponic_PHASE22B_STAGE1_BUILD_20260810","Stage 1 firmware build output","core\esp32-hal-time.c.d","20614","AC741466D9C88F9D4126369E64DD7B4282F6272EC646CCC012C22C5E01751DE4","BuildOutput"
"Hydroponic_PHASE22B_STAGE1_BUILD_20260810","Stage 1 firmware build output","core\esp32-hal-time.c.o","21532","2605292BB1C0312989CA431C4A58AC5B2BC681F0330FE46C1B87FFA5C4BFEF92","BuildOutput"
"Hydroponic_PHASE22B_STAGE1_BUILD_20260810","Stage 1 firmware build output","core\esp32-hal-timer.c.d","15945","29426A8E1606831A688820ACB83EEC1E5CEBF361CE2D97DCB8EE1AF69C437929","BuildOutput"
"Hydroponic_PHASE22B_STAGE1_BUILD_20260810","Stage 1 firmware build output","core\esp32-hal-timer.c.o","34800","2C81DB829F521552422B76D652EB114E3C114BB2E7369850A51C8419C6994B56","BuildOutput"
"Hydroponic_PHASE22B_STAGE1_BUILD_20260810","Stage 1 firmware build output","core\esp32-hal-tinyusb.c.d","420","CA9EEC78FA3F2A8E295A1256160C4684C2DB9F35EF50FCD009DBF9810DD9CB4E","BuildOutput"
"Hydroponic_PHASE22B_STAGE1_BUILD_20260810","Stage 1 firmware build output","core\esp32-hal-tinyusb.c.o","1412","1845CDC689579383E44E583F4EA7BA8B1AA6D0B42A4707C2E4685D1399754C22","BuildOutput"
"Hydroponic_PHASE22B_STAGE1_BUILD_20260810","Stage 1 firmware build output","core\esp32-hal-touch.c.d","543","92E986615C42A159BD3AF5180A21437D6B4F1B4FD6BE80F857361F0AD5BC0D4B","BuildOutput"
"Hydroponic_PHASE22B_STAGE1_BUILD_20260810","Stage 1 firmware build output","core\esp32-hal-touch.c.o","1408","8BCCFF197C3E464707A34430C238918708D9298CA90FF6B548EE7428794E3C2C","BuildOutput"
"Hydroponic_PHASE22B_STAGE1_BUILD_20260810","Stage 1 firmware build output","core\esp32-hal-touch-ng.c.d","15663","746B636C05BF81E1B88B17801B5AB477CFF169CEABB614B27020FBD4C560DE29","BuildOutput"
"Hydroponic_PHASE22B_STAGE1_BUILD_20260810","Stage 1 firmware build output","core\esp32-hal-touch-ng.c.o","57980","68BC871588790D375FAE2BB6409F5956C1F4BD4B69D57B5167A2953DE9972C94","BuildOutput"
"Hydroponic_PHASE22B_STAGE1_BUILD_20260810","Stage 1 firmware build output","core\esp32-hal-uart.c.d","19091","63AF0CD033A4CA88B07DBB1A0E31B1C44D9BF0DA3935B4735ABF7CEE4EE3DB51","BuildOutput"
"Hydroponic_PHASE22B_STAGE1_BUILD_20260810","Stage 1 firmware build output","core\esp32-hal-uart.c.o","205920","42968693ED5B091F8E3663C8811C097150ACEA97423B82EF34AE8B2D7F2CA312","BuildOutput"
"Hydroponic_PHASE22B_STAGE1_BUILD_20260810","Stage 1 firmware build output","core\firmware_msc_fat.c.d","417","AE1D12A2B710BA06CADA46DAC654A7BD3CEBC1F0A889FD5370B4A29FA1BCE58B","BuildOutput"
"Hydroponic_PHASE22B_STAGE1_BUILD_20260810","Stage 1 firmware build output","core\firmware_msc_fat.c.o","35592","D8E3FFC02483777482E0EC4133FC7710853E5A4DD99771B99D6B5CE103C7E79A","BuildOutput"
"Hydroponic_PHASE22B_STAGE1_BUILD_20260810","Stage 1 firmware build output","core\FirmwareMSC.cpp.d","619","5DB8562B4B85B462E3DA359914255C08A9F28FF470A7F2F27F16A4758B2DAB1D","BuildOutput"
"Hydroponic_PHASE22B_STAGE1_BUILD_20260810","Stage 1 firmware build output","core\FirmwareMSC.cpp.o","1460","A6D4768D7E9AE4806D687D48F40E390527DB607EE52A0D474482597379D03EF1","BuildOutput"
"Hydroponic_PHASE22B_STAGE1_BUILD_20260810","Stage 1 firmware build output","core\freertos_stats.cpp.d","9802","B7CFFBC56F2C6E3D30D22FB447F9343B6BB448DC894ABA0786A4E6679EB53746","BuildOutput"
"Hydroponic_PHASE22B_STAGE1_BUILD_20260810","Stage 1 firmware build output","core\freertos_stats.cpp.o","15272","32E24A85C40547EFDF812DAEE5D0C25AD0D90D0C33662763AFD54353DEDF13A4","BuildOutput"
"Hydroponic_PHASE22B_STAGE1_BUILD_20260810","Stage 1 firmware build output","core\FunctionalInterrupt.cpp.d","21084","842E886C4655B3BF34D1320EB4C597A6B8BECDAF3151B9A8890016B2AB621B72","BuildOutput"
"Hydroponic_PHASE22B_STAGE1_BUILD_20260810","Stage 1 firmware build output","core\FunctionalInterrupt.cpp.o","34820","26D29BC280F3EAF627601E553712FFBF72075442F6C85D9CD40503EE276BAFAD","BuildOutput"
"Hydroponic_PHASE22B_STAGE1_BUILD_20260810","Stage 1 firmware build output","core\HardwareSerial.cpp.d","21088","44C6FA8793D2C54F72463C2C4D87F51410BE4B1EE04B258E42178EF0591BDAEB","BuildOutput"
"Hydroponic_PHASE22B_STAGE1_BUILD_20260810","Stage 1 firmware build output","core\HardwareSerial.cpp.o","153964","87464D92ED92B91A56550AD98C0A15E8D52C104E59EADFECAC922F058A46FC98","BuildOutput"
"Hydroponic_PHASE22B_STAGE1_BUILD_20260810","Stage 1 firmware build output","core\HashBuilder.cpp.d","1245","5BE375571F781F14ECD0AFACA820A848715F37DD4F151A9AA5022BF08A669D93","BuildOutput"
"Hydroponic_PHASE22B_STAGE1_BUILD_20260810","Stage 1 firmware build output","core\HashBuilder.cpp.o","31012","9296FD1A2453F193C6572FAFBD3277F3CC29DD03E896F3282723A911379004E2","BuildOutput"
"Hydroponic_PHASE22B_STAGE1_BUILD_20260810","Stage 1 firmware build output","core\HEXBuilder.cpp.d","1137","43A84B95D20D808113636BDCF16E6B1FFF47691D797E9A826CF9082A6C085C77","BuildOutput"
"Hydroponic_PHASE22B_STAGE1_BUILD_20260810","Stage 1 firmware build output","core\HEXBuilder.cpp.o","38632","1538EE6B84462399700C4A6EA8B4396F15AF7BEA1B73EE685BE100F8F3284B0B","BuildOutput"
"Hydroponic_PHASE22B_STAGE1_BUILD_20260810","Stage 1 firmware build output","core\HWCDC.cpp.d","498","23A43EFC9C53DE0C6E61D0C3D7D3F80EA8A1DE28577C2755158FF761892BF350","BuildOutput"
"Hydroponic_PHASE22B_STAGE1_BUILD_20260810","Stage 1 firmware build output","core\HWCDC.cpp.o","1448","E4CF08D3897C19A26BD2FF4C85CA92B22F8A15449F99EFCF79D4AACF02435FF5","BuildOutput"
"Hydroponic_PHASE22B_STAGE1_BUILD_20260810","Stage 1 firmware build output","core\idf_openthread_mpool_wrapper.c.d","442","7BDA02C3DB33D6BE974428FB0F66D810D60FC1B9403CE88440F174E1C14FE533","BuildOutput"
"Hydroponic_PHASE22B_STAGE1_BUILD_20260810","Stage 1 firmware build output","core\idf_openthread_mpool_wrapper.c.o","1436","6FC941087B6BE2099D9E8DDA586C8CE54B36B10BBA131E41AF1D505D7B7D3BE5","BuildOutput"
"Hydroponic_PHASE22B_STAGE1_BUILD_20260810","Stage 1 firmware build output","core\IPAddress.cpp.d","13509","86546AAF61D2B970F704872277A39DC1B5222C469EBA86A2B557487570A74F53","BuildOutput"
"Hydroponic_PHASE22B_STAGE1_BUILD_20260810","Stage 1 firmware build output","core\IPAddress.cpp.o","102268","5AFCE9D278BD9CF43EEFD953BBD39AB44BF70041C4342DB06D0AF41DF05E138D","BuildOutput"
"Hydroponic_PHASE22B_STAGE1_BUILD_20260810","Stage 1 firmware build output","core\libb64\cdecode.c.d","289","A8FEC1F8014B5ECC2B9E9E67144EF4C7C0D5A3A6D7B8EAEDBD0323BF7D12C010","BuildOutput"
"Hydroponic_PHASE22B_STAGE1_BUILD_20260810","Stage 1 firmware build output","core\libb64\cdecode.c.o","17744","2663E1A0BFDBFA3456F41BEB60D752B850E8B2E5CFC5C379CE8FD024CC3C5818","BuildOutput"
"Hydroponic_PHASE22B_STAGE1_BUILD_20260810","Stage 1 firmware build output","core\libb64\cencode.c.d","289","7D34A0587BC95D7B4D9CCD44ED23772C85EC946C8C52E239A069FC1811B2270D","BuildOutput"
"Hydroponic_PHASE22B_STAGE1_BUILD_20260810","Stage 1 firmware build output","core\libb64\cencode.c.o","15672","A4E42DF436AC45E2B4C77CF2B7237146FB30A22BC914FA2EAE5B1F3A8766B67D","BuildOutput"
"Hydroponic_PHASE22B_STAGE1_BUILD_20260810","Stage 1 firmware build output","core\MacAddress.cpp.d","21363","3B539E2A2F008C86E992D1A18FB4199B535400ABA790F666C843BD8F5AE27DB8","BuildOutput"
"Hydroponic_PHASE22B_STAGE1_BUILD_20260810","Stage 1 firmware build output","core\MacAddress.cpp.o","84360","B5AB1552588CE708954C9C43969DD17FEC858EF74CD4F42C6EFBA944A9B6B13C","BuildOutput"
"Hydroponic_PHASE22B_STAGE1_BUILD_20260810","Stage 1 firmware build output","core\main.cpp.d","22297","D3A8284C974CAA4B3119772224BBD34CBFED829D0F2AE0EDC5811BDFAC549509","BuildOutput"
"Hydroponic_PHASE22B_STAGE1_BUILD_20260810","Stage 1 firmware build output","core\main.cpp.o","36116","6092C5F23C289A76B03A9A9DC2BD79C0FF39B05F776CB3D55D5DD4F53C6668AE","BuildOutput"
"Hydroponic_PHASE22B_STAGE1_BUILD_20260810","Stage 1 firmware build output","core\MD5Builder.cpp.d","2204","EA6E5A82AF4157F1EC9593C2EC0DD376BADEEF1D65CEC644ACF7A98A84D4450D","BuildOutput"
"Hydroponic_PHASE22B_STAGE1_BUILD_20260810","Stage 1 firmware build output","core\MD5Builder.cpp.o","41484","CE4B019C36C980BBFE1F9B05E84B74F75A907C2E87E26CD8E8B27709EB602D3B","BuildOutput"
"Hydroponic_PHASE22B_STAGE1_BUILD_20260810","Stage 1 firmware build output","core\Print.cpp.d","20942","94C7B659D1A2959FD61D3DEC7F76F1133FDDDA1949C6615C87A31BC2E951D90E","BuildOutput"
"Hydroponic_PHASE22B_STAGE1_BUILD_20260810","Stage 1 firmware build output","core\Print.cpp.o","112780","FB80328AD349ACEC249F01B8377EEF129F7DDEEB9849737B6C674ED34F533711","BuildOutput"
"Hydroponic_PHASE22B_STAGE1_BUILD_20260810","Stage 1 firmware build output","core\stdlib_noniso.c.d","1144","9E10ADA27C0F9D69F9D09C9BD37E19AE1A76853FF96F25B0D4A1F46EEC62FA5A","BuildOutput"
"Hydroponic_PHASE22B_STAGE1_BUILD_20260810","Stage 1 firmware build output","core\stdlib_noniso.c.o","25700","907DADC0A918830737589E40D6E7485A5909608CAF1F3E056445D3D0FFCFE5B9","BuildOutput"
"Hydroponic_PHASE22B_STAGE1_BUILD_20260810","Stage 1 firmware build output","core\Stream.cpp.d","20944","01DCE6E93D86983B9676EB08672C64584381BFA7D27DA95F6703D4351044FA50","BuildOutput"
"Hydroponic_PHASE22B_STAGE1_BUILD_20260810","Stage 1 firmware build output","core\Stream.cpp.o","81908","0DA367B206707C0312AD63537713111CCE6AAECE112FCE7C0CFA316056E4AE9B","BuildOutput"
"Hydroponic_PHASE22B_STAGE1_BUILD_20260810","Stage 1 firmware build output","core\StreamString.cpp.d","21165","4E7AF72DC8F66A66269DAC53F3ED9F253598985FE397EE628861EB54B22855BD","BuildOutput"
"Hydroponic_PHASE22B_STAGE1_BUILD_20260810","Stage 1 firmware build output","core\StreamString.cpp.o","57988","40FB1BE41C9F8401B40168B594F2F58BDEE004B588CD660071126DDBDAD57E57","BuildOutput"
"Hydroponic_PHASE22B_STAGE1_BUILD_20260810","Stage 1 firmware build output","core\StringUtils.cpp.d","611","474D91A5A332CACF8AB072C410617C81CB5D26327E7076D40FD0418460651241","BuildOutput"
"Hydroponic_PHASE22B_STAGE1_BUILD_20260810","Stage 1 firmware build output","core\StringUtils.cpp.o","30172","28DA30236A73AE61ADFB425F1D7D06E15813EA861C0686986C3D949855751A05","BuildOutput"
"Hydroponic_PHASE22B_STAGE1_BUILD_20260810","Stage 1 firmware build output","core\Tone.cpp.d","21049","EFB158E2A54BA4DFC6444AB937CE33694A586515CD9F1916E36FD6477BCB9E3E","BuildOutput"
"Hydroponic_PHASE22B_STAGE1_BUILD_20260810","Stage 1 firmware build output","core\Tone.cpp.o","40020","AF7A7122F904646C9F0210B27CC20C434036F77F224725B52680D34D4AAE8B05","BuildOutput"
"Hydroponic_PHASE22B_STAGE1_BUILD_20260810","Stage 1 firmware build output","core\USB.cpp.d","494","F35EA3A27CAE251A18DDC9417353880ED26F0563E636BCA5988E5A3E25A6D58D","BuildOutput"
"Hydroponic_PHASE22B_STAGE1_BUILD_20260810","Stage 1 firmware build output","core\USB.cpp.o","1444","74A536651221266CD406692BAEDEA176450A5B9434A7407F3F4232274237C9C0","BuildOutput"
"Hydroponic_PHASE22B_STAGE1_BUILD_20260810","Stage 1 firmware build output","core\USBCDC.cpp.d","503","3B35623A79023DB74D0C70659F2C5FEC2063644A9B93A37CF819498577CE4EB9","BuildOutput"
"Hydroponic_PHASE22B_STAGE1_BUILD_20260810","Stage 1 firmware build output","core\USBCDC.cpp.o","1452","17922A5CF66388A9B976DA3EA553DF905ABE1B9A21F2C645EE4B8EB2DC9760D8","BuildOutput"
"Hydroponic_PHASE22B_STAGE1_BUILD_20260810","Stage 1 firmware build output","core\USBMSC.cpp.d","503","C08E5CB244263044B19F6CD24D1130E4BC0BED45B47CE7E0BBBA03DFDCE85CE7","BuildOutput"
"Hydroponic_PHASE22B_STAGE1_BUILD_20260810","Stage 1 firmware build output","core\USBMSC.cpp.o","1452","496FC9E6867F6736088BF34A8D32904EF1D5CD391599D1D2B6E0AFCC65E3A680","BuildOutput"
"Hydroponic_PHASE22B_STAGE1_BUILD_20260810","Stage 1 firmware build output","core\wiring_pulse.c.d","16407","A7D1BA3E1E632EBB30C7C63EB070B0CBA0F4DC599ED1B10B8D07162B878B22AC","BuildOutput"
"Hydroponic_PHASE22B_STAGE1_BUILD_20260810","Stage 1 firmware build output","core\wiring_pulse.c.o","11656","447ACB4B0153CCCD5344D2B4373E347215C885DB189654CF2045D09806FD26CE","BuildOutput"
"Hydroponic_PHASE22B_STAGE1_BUILD_20260810","Stage 1 firmware build output","core\wiring_shift.c.d","16407","3949428161E0EFD482093968880571D71063AAF15FB8497FCFB30D378C2216C4","BuildOutput"
"Hydroponic_PHASE22B_STAGE1_BUILD_20260810","Stage 1 firmware build output","core\wiring_shift.c.o","8548","21BB8AFF1484C48187F2D05A2880757B9E140D7791BCFC99E7F78A9B5772F5F9","BuildOutput"
"Hydroponic_PHASE22B_STAGE1_BUILD_20260810","Stage 1 firmware build output","core\WMath.cpp.d","3674","4CDAFAC61FA20A950D6BC27747E9E325D7E2817292822C2627E7B211DB79B203","BuildOutput"
"Hydroponic_PHASE22B_STAGE1_BUILD_20260810","Stage 1 firmware build output","core\WMath.cpp.o","17428","AA3BDFED780039E08728FEBE285048F9B3AB39D7E133D75B5A7F7237D6634E72","BuildOutput"
"Hydroponic_PHASE22B_STAGE1_BUILD_20260810","Stage 1 firmware build output","core\WString.cpp.d","20946","C4B58A8637DF060FF56A20C29BD75D4D4812BCA7D55FC1C8FB5285C0F31DBFBB","BuildOutput"
"Hydroponic_PHASE22B_STAGE1_BUILD_20260810","Stage 1 firmware build output","core\WString.cpp.o","239168","65855C18D3FB8E8240450887AD1AB32E9FA2CEAFC17771F6F3A02676B60CEC27","BuildOutput"
"Hydroponic_PHASE22B_STAGE1_BUILD_20260810","Stage 1 firmware build output","file_opts","0","E3B0C44298FC1C149AFBF4C8996FB92427AE41E4649B934CA495991B7852B855","SourceOrDocumentation"
"Hydroponic_PHASE22B_STAGE1_BUILD_20260810","Stage 1 firmware build output","flash_args","217","6A4E4AC1609B2B53F90C60CE7567087CC2143DDCD00DA2F8F27FE7E0F3BA8FE0","SourceOrDocumentation"
"Hydroponic_PHASE22B_STAGE1_BUILD_20260810","Stage 1 firmware build output","Hydroponic_Device001.ino.bin","938704","D10625584CA79E85E4E0A8BCE650E5BA1019FE9931BB33F98BC228532C315465","BuildOutput"
"Hydroponic_PHASE22B_STAGE1_BUILD_20260810","Stage 1 firmware build output","Hydroponic_Device001.ino.bootloader.bin","25024","F508DFE30F34C2490EC08CAAA96F20DC2853F66A0A92F6FB759B205E82924F29","BuildOutput"
"Hydroponic_PHASE22B_STAGE1_BUILD_20260810","Stage 1 firmware build output","Hydroponic_Device001.ino.elf","12067392","093D570E51EB2E98B90288DA6777DFB1620C4CC96993A228A5A2F5E60323BB4C","BuildOutput"
"Hydroponic_PHASE22B_STAGE1_BUILD_20260810","Stage 1 firmware build output","Hydroponic_Device001.ino.map","14520151","DC633DE892A637DE6C4BFA6531B4DBB6A95F0CB7554EEC651F96411AE22BD601","BuildOutput"
"Hydroponic_PHASE22B_STAGE1_BUILD_20260810","Stage 1 firmware build output","Hydroponic_Device001.ino.merged.bin","4194304","E12A29DCB53F171508CB992D817ED7FAEAD39A68D7E6EF678D9F3F7979C32C01","BuildOutput"
"Hydroponic_PHASE22B_STAGE1_BUILD_20260810","Stage 1 firmware build output","Hydroponic_Device001.ino.partitions.bin","3072","148B959CBFF1C38AA8E1D5C0BA9D612C54997B945E56A63F41223EEF650653A1","BuildOutput"
"Hydroponic_PHASE22B_STAGE1_BUILD_20260810","Stage 1 firmware build output","includes.cache","87114","6B128C5A886F3CD34C16A262A40E893350786B4CE12463FDE0C82944C11BBC0D","SourceOrDocumentation"
"Hydroponic_PHASE22B_STAGE1_BUILD_20260810","Stage 1 firmware build output","libraries.cache","628","6D7E98751CC2E3020A2CD333AAC50D3975BBC5C87CE145B506C73A322B094C8B","SourceOrDocumentation"
"Hydroponic_PHASE22B_STAGE1_BUILD_20260810","Stage 1 firmware build output","libraries\DallasTemperature\DallasTemperature.cpp.d","21197","72119199C2A5738839434081A3BBCCDDAD7B103C115B27E32C90DBDEE9BB0B36","BuildOutput"
"Hydroponic_PHASE22B_STAGE1_BUILD_20260810","Stage 1 firmware build output","libraries\DallasTemperature\DallasTemperature.cpp.libsdetect.d","21120","39B81FDF304C5D606C54529CAA3A047F8A94223E686E550F41101CC5605995B1","BuildOutput"
"Hydroponic_PHASE22B_STAGE1_BUILD_20260810","Stage 1 firmware build output","libraries\DallasTemperature\DallasTemperature.cpp.o","149180","8CBD54035D226584582A27767F4DDDBDE0465417BD861821B873B4BB0312D641","BuildOutput"
"Hydroponic_PHASE22B_STAGE1_BUILD_20260810","Stage 1 firmware build output","libraries\Network\NetworkClient.cpp.d","26686","1D2958DD5CDD11F51C51F350C48DC4C16ED342323177D828A4B08A6D53B67BC8","BuildOutput"
"Hydroponic_PHASE22B_STAGE1_BUILD_20260810","Stage 1 firmware build output","libraries\Network\NetworkClient.cpp.libsdetect.d","26619","952F5F15D177A94D8E13098B2F50B1EC05D360FE27073EE7952C5491FF9E037B","BuildOutput"
"Hydroponic_PHASE22B_STAGE1_BUILD_20260810","Stage 1 firmware build output","libraries\Network\NetworkClient.cpp.o","265872","038DED747209BC01D8A9316E6315AF0DE29523FB646EB8653797CACA53CC9DD8","BuildOutput"
"Hydroponic_PHASE22B_STAGE1_BUILD_20260810","Stage 1 firmware build output","libraries\Network\NetworkEvents.cpp.d","24803","3BD743C3DA75BB30D8ED3BA864B13AF03805CD177BEFDC56569793519CDD2F9D","BuildOutput"
"Hydroponic_PHASE22B_STAGE1_BUILD_20260810","Stage 1 firmware build output","libraries\Network\NetworkEvents.cpp.libsdetect.d","24736","B77F7124361BDFDAEC4F0D58FAC1B95CDEC755765F71219EED6168EB934A373B","BuildOutput"
"Hydroponic_PHASE22B_STAGE1_BUILD_20260810","Stage 1 firmware build output","libraries\Network\NetworkEvents.cpp.o","416220","E70548429A8560E7EE02CB7DB93B37EC91997E9CE8CD253324E422742CBF83F8","BuildOutput"
"Hydroponic_PHASE22B_STAGE1_BUILD_20260810","Stage 1 firmware build output","libraries\Network\NetworkInterface.cpp.d","26622","C8D10833D222F9E4FBD4967A46203DC714EACF218BE4DE99944B27C1F6D19221","BuildOutput"
"Hydroponic_PHASE22B_STAGE1_BUILD_20260810","Stage 1 firmware build output","libraries\Network\NetworkInterface.cpp.libsdetect.d","26555","2CBF46EFCBD450CC33692EA1E4557E825946D0EFC0F07028EB6B08B687AF7245","BuildOutput"
"Hydroponic_PHASE22B_STAGE1_BUILD_20260810","Stage 1 firmware build output","libraries\Network\NetworkInterface.cpp.o","217288","B2411591454B65908E185D07507C28356AB5CA9AC97BAD6F0B2CBF49CF72582E","BuildOutput"
"Hydroponic_PHASE22B_STAGE1_BUILD_20260810","Stage 1 firmware build output","libraries\Network\NetworkManager.cpp.d","27206","74B0A84203E48368D1A68D89B9569E2B1E631B1241103F22BC40758DF7A5D15B","BuildOutput"
"Hydroponic_PHASE22B_STAGE1_BUILD_20260810","Stage 1 firmware build output","libraries\Network\NetworkManager.cpp.libsdetect.d","27139","F9D2907826423EF34ED0CC9D1D48EA23C866CDB830286EAE0EBC8E82AA3A520F","BuildOutput"
"Hydroponic_PHASE22B_STAGE1_BUILD_20260810","Stage 1 firmware build output","libraries\Network\NetworkManager.cpp.o","123104","11FFEBBB137C895EF353212BFBE4B3C0E62EF2DC3D02E0175E26F6584266BC28","BuildOutput"
"Hydroponic_PHASE22B_STAGE1_BUILD_20260810","Stage 1 firmware build output","libraries\Network\NetworkServer.cpp.d","23298","24E4FF83D821AB524EA4A5BD12364217A0AE63355EBD994C53ACAA1159B4BA58","BuildOutput"
"Hydroponic_PHASE22B_STAGE1_BUILD_20260810","Stage 1 firmware build output","libraries\Network\NetworkServer.cpp.libsdetect.d","23231","6CA6F4FDCC6C1DEF8500C4AFA04D766AB91F9688F05DD30C19C3895C7F132156","BuildOutput"
"Hydroponic_PHASE22B_STAGE1_BUILD_20260810","Stage 1 firmware build output","libraries\Network\NetworkServer.cpp.o","64808","2F37FBE4F74CFC7E555F54F3587230BDC45A9A6FC3E53133A6F5197873ABD00D","BuildOutput"
"Hydroponic_PHASE22B_STAGE1_BUILD_20260810","Stage 1 firmware build output","libraries\Network\NetworkUdp.cpp.d","23295","F833FD88EFB8861B0F94817E1DA5E91ED77CB6A170EAA3EBBAF7767B448791BD","BuildOutput"
"Hydroponic_PHASE22B_STAGE1_BUILD_20260810","Stage 1 firmware build output","libraries\Network\NetworkUdp.cpp.libsdetect.d","23228","06DEB505990646F7CBD09F45476116B64E96ADC4EB0C000B645E308E81C93DE2","BuildOutput"
"Hydroponic_PHASE22B_STAGE1_BUILD_20260810","Stage 1 firmware build output","libraries\Network\NetworkUdp.cpp.o","124312","F36660822160EC164B00AE387AC7EE433E134C50F513B9E7D1A05A1E2C07087D","BuildOutput"
"Hydroponic_PHASE22B_STAGE1_BUILD_20260810","Stage 1 firmware build output","libraries\OneWire\OneWire.cpp.d","21532","FBA898234E2216B27E6C9E1BDFBE5082F69E0825CDA1A8741D69A81D179E4B04","BuildOutput"
"Hydroponic_PHASE22B_STAGE1_BUILD_20260810","Stage 1 firmware build output","libraries\OneWire\OneWire.cpp.libsdetect.d","21461","7ADE5C2AD1F4773949D9C7DB13BF07D3B7195624CE7DB75C38104A5009987265","BuildOutput"
"Hydroponic_PHASE22B_STAGE1_BUILD_20260810","Stage 1 firmware build output","libraries\OneWire\OneWire.cpp.o","91852","E0D5A7EF03D66EE16C4BF8CEA87AC99D3F35F7F308FC790C80EA5AF6BE2203BD","BuildOutput"
"Hydroponic_PHASE22B_STAGE1_BUILD_20260810","Stage 1 firmware build output","libraries\PubSubClient\PubSubClient.cpp.d","21126","9293BA4B07183EAA097FBD72AB7E7A69CDDFE771DE02EC6B597F5FA86BB1511D","BuildOutput"
"Hydroponic_PHASE22B_STAGE1_BUILD_20260810","Stage 1 firmware build output","libraries\PubSubClient\PubSubClient.cpp.libsdetect.d","21054","F11B6762969EEE015807D9E1A547C3117787C797E0E1623635B2AA99BBB5BE81","BuildOutput"
"Hydroponic_PHASE22B_STAGE1_BUILD_20260810","Stage 1 firmware build output","libraries\PubSubClient\PubSubClient.cpp.o","219376","25AEBDF1C822E34A10F41E6616D1EFB54F72037FE7DC069F05FD133E3B787EE1","BuildOutput"
"Hydroponic_PHASE22B_STAGE1_BUILD_20260810","Stage 1 firmware build output","libraries\WiFi\AP.cpp.d","28305","8E9AA85B831138859CCFAEAC35E72279FAA2F31382D7DB223F1D3DC43F615DC1","BuildOutput"
"Hydroponic_PHASE22B_STAGE1_BUILD_20260810","Stage 1 firmware build output","libraries\WiFi\AP.cpp.libsdetect.d","28241","D1AB7B434E80B8A225A08227524DB95B7BB295424C3E96C3514CC3DF8AB72CF3","BuildOutput"
"Hydroponic_PHASE22B_STAGE1_BUILD_20260810","Stage 1 firmware build output","libraries\WiFi\AP.cpp.o","177576","1341993A8D8CD04ADB361E9A98F38A39687DBF9E1549CC72805D5B4B0DF27131","BuildOutput"
"Hydroponic_PHASE22B_STAGE1_BUILD_20260810","Stage 1 firmware build output","libraries\WiFi\STA.cpp.d","28662","CC78A3A76959161B9F203C63AAEE6AB2967970CBF8D1D885213A6A6A976C202C","BuildOutput"
"Hydroponic_PHASE22B_STAGE1_BUILD_20260810","Stage 1 firmware build output","libraries\WiFi\STA.cpp.libsdetect.d","28598","F4FCA72B506668F5A178A8D88C8BC82D1D3F666A139193C7B3513E53D74C9E16","BuildOutput"
"Hydroponic_PHASE22B_STAGE1_BUILD_20260810","Stage 1 firmware build output","libraries\WiFi\STA.cpp.o","220672","E7FC0B200531CD64F6823C17D98A4E1BE468A430C1163A4F922B80732888B7DD","BuildOutput"
"Hydroponic_PHASE22B_STAGE1_BUILD_20260810","Stage 1 firmware build output","libraries\WiFi\WiFi.cpp.d","28046","A2F1FBFF529286E747731CB58652EECF0969EF9031A0DDFA62592C30C6735660","BuildOutput"
"Hydroponic_PHASE22B_STAGE1_BUILD_20260810","Stage 1 firmware build output","libraries\WiFi\WiFi.cpp.libsdetect.d","27982","DC8D01F9AA7002FAA30FBA2C8BB2AC01856ED4E0E13921A6E681CB8A9E0FBA7A","BuildOutput"
"Hydroponic_PHASE22B_STAGE1_BUILD_20260810","Stage 1 firmware build output","libraries\WiFi\WiFi.cpp.o","108564","EDF374D2F50E5FECBC8069360E07574AF18554469357E818EFD44E5A7064CCA8","BuildOutput"
"Hydroponic_PHASE22B_STAGE1_BUILD_20260810","Stage 1 firmware build output","libraries\WiFi\WiFiAP.cpp.d","28190","6C4B15D08D1814D0CD941DCE5F1D3251757C505D6DA35240C9FF65E6C2016EA4","BuildOutput"
"Hydroponic_PHASE22B_STAGE1_BUILD_20260810","Stage 1 firmware build output","libraries\WiFi\WiFiAP.cpp.libsdetect.d","28126","B2D3BFD8CE4BF1644323CFE978056E04CEA17B7FBCF1026B6F7ABB51EFA177B4","BuildOutput"
"Hydroponic_PHASE22B_STAGE1_BUILD_20260810","Stage 1 firmware build output","libraries\WiFi\WiFiAP.cpp.o","84120","414C0367629153C637D828A392535194BA01376056FB8F131C850C6A556FA534","BuildOutput"
"Hydroponic_PHASE22B_STAGE1_BUILD_20260810","Stage 1 firmware build output","libraries\WiFi\WiFiGeneric.cpp.d","29942","D057B4F5FE9B5010F54E16D02B1D6866EF1679F3D8A6F87F787ED67F9D8134B2","BuildOutput"
"Hydroponic_PHASE22B_STAGE1_BUILD_20260810","Stage 1 firmware build output","libraries\WiFi\WiFiGeneric.cpp.libsdetect.d","29878","24240E226A00FDBAC39C3614FB9B502588C5AF9AE38727BED61C2FA91277C3E1","BuildOutput"
"Hydroponic_PHASE22B_STAGE1_BUILD_20260810","Stage 1 firmware build output","libraries\WiFi\WiFiGeneric.cpp.o","224176","31010C91F1485FA055C8E403D9F5C3FCA5C82C85C216CD47B8100665C96547ED","BuildOutput"
"Hydroponic_PHASE22B_STAGE1_BUILD_20260810","Stage 1 firmware build output","libraries\WiFi\WiFiMulti.cpp.d","27521","00E3EA9823C7C8620DA1219F748CB7AC270C35C76A1DF7CCDC69F8A964159324","BuildOutput"
"Hydroponic_PHASE22B_STAGE1_BUILD_20260810","Stage 1 firmware build output","libraries\WiFi\WiFiMulti.cpp.libsdetect.d","27457","DF56E1AD1C393DBFB1581991CBA3E10CF3F292F796F714AF95B72469F86C2F54","BuildOutput"
"Hydroponic_PHASE22B_STAGE1_BUILD_20260810","Stage 1 firmware build output","libraries\WiFi\WiFiMulti.cpp.o","195636","218AD0C9D5EDFA6FD764EF2E8EC7AE7FC5435E337354B30830AE1B9FE468F10D","BuildOutput"
"Hydroponic_PHASE22B_STAGE1_BUILD_20260810","Stage 1 firmware build output","libraries\WiFi\WiFiScan.cpp.d","28281","831BD95F7C43009E60409C589367A35AD43D1A4782B813DFC8D7E72FE6953861","BuildOutput"
"Hydroponic_PHASE22B_STAGE1_BUILD_20260810","Stage 1 firmware build output","libraries\WiFi\WiFiScan.cpp.libsdetect.d","28217","9C9A7F551C6F3F450ADDC34B7824A2FA79751D49AC704A09337E5D3CED03FC9B","BuildOutput"
"Hydroponic_PHASE22B_STAGE1_BUILD_20260810","Stage 1 firmware build output","libraries\WiFi\WiFiScan.cpp.o","121236","EF161D9833506BF0932BE6870CDAFB0582022C8D8A1C3A058D902D9E340D1A40","BuildOutput"
"Hydroponic_PHASE22B_STAGE1_BUILD_20260810","Stage 1 firmware build output","libraries\WiFi\WiFiSTA.cpp.d","28670","6EDACBDD877B6B9DA78F696594FC487BE9C59AE41EF44C770BCC456427293467","BuildOutput"
"Hydroponic_PHASE22B_STAGE1_BUILD_20260810","Stage 1 firmware build output","libraries\WiFi\WiFiSTA.cpp.libsdetect.d","28606","F92C2A2CDDFD72B35D61EC22E9ABBA1C9DDE9C9C9AF61FA67EBD6C38A88BD850","BuildOutput"
"Hydroponic_PHASE22B_STAGE1_BUILD_20260810","Stage 1 firmware build output","libraries\WiFi\WiFiSTA.cpp.o","153244","8A837205BA9F1D4AC62EA5D6DED44EBDEC4C921A4175042AB5D4B17E41ED4255","BuildOutput"
"Hydroponic_PHASE22B_STAGE1_BUILD_20260810","Stage 1 firmware build output","partitions.csv","305","2683FD26B661BC909DCB8A9F05723D36C4000F9396995941A278FDA409B753F7","SourceOrDocumentation"
"Hydroponic_PHASE22B_STAGE1_BUILD_20260810","Stage 1 firmware build output","sdkconfig","111036","725F5C5EEF387946183F54D3D793FB6DC12F242B401688F83AB21E7C5A5EE853","SourceOrDocumentation"
"Hydroponic_PHASE22B_STAGE1_BUILD_20260810","Stage 1 firmware build output","sketch\ActuatorSafety.h","424","4DBDD21B778ACCE3B60A7A7079AAE4E72010710227FCCFC8AF6F5ECA130A4654","SourceOrDocumentation"
"Hydroponic_PHASE22B_STAGE1_BUILD_20260810","Stage 1 firmware build output","sketch\BuildProfile.h","808","4F8F8281B06A86CFBA264C0D82206307F9F3330CAEC4CC155F2A42A6B4CFAA8C","SourceOrDocumentation"
"Hydroponic_PHASE22B_STAGE1_BUILD_20260810","Stage 1 firmware build output","sketch\Config.h","2405","C3A6EC012F0936EBCA4C3D01176B13E2F84123D6C698DA144D5AC0A460F9400B","SourceOrDocumentation"
"Hydroponic_PHASE22B_STAGE1_BUILD_20260810","Stage 1 firmware build output","sketch\Hydroponic_Device001.ino.cpp","23322","9D6C261F6651478D1948D6757CDA1B93675D088F7CCE4B39D513FF65454187DA","SourceOrDocumentation"
"Hydroponic_PHASE22B_STAGE1_BUILD_20260810","Stage 1 firmware build output","sketch\Hydroponic_Device001.ino.cpp.d","21511","B9E38294A5623E4C136697313AABDE7B4B9EE010B71C9BAFFE5D3D0646F8EC93","BuildOutput"
"Hydroponic_PHASE22B_STAGE1_BUILD_20260810","Stage 1 firmware build output","sketch\Hydroponic_Device001.ino.cpp.merged","20826","D70168BE1DDA5891DB00444C7D47697FD77EC07669C6FA9E8A9BDF8FB2865CA4","SourceOrDocumentation"
"Hydroponic_PHASE22B_STAGE1_BUILD_20260810","Stage 1 firmware build output","sketch\Hydroponic_Device001.ino.cpp.merged.libsdetect.d","21466","B828CEC6538614A6CCE9CF7E68D9540BBCACD7777FF507E64CF5C255255E408B","BuildOutput"
"Hydroponic_PHASE22B_STAGE1_BUILD_20260810","Stage 1 firmware build output","sketch\Hydroponic_Device001.ino.cpp.o","188056","BB6E8780604A96E2037B5D91C34A5505571092E503E55FB9B96FA8A76A7797FA","BuildOutput"
"Hydroponic_PHASE22B_STAGE1_BUILD_20260810","Stage 1 firmware build output","sketch\MqttService.cpp","4007","B81879F56B4EEF8993E09D10E9E7B90E381934FDD52F7653A6EDAB13E8CF019D","SourceOrDocumentation"
"Hydroponic_PHASE22B_STAGE1_BUILD_20260810","Stage 1 firmware build output","sketch\MqttService.cpp.d","27505","DD0F4AFE948134A6494637876FC0EF63DEF2626E82493A69A4F1B4D569725AD5","BuildOutput"
"Hydroponic_PHASE22B_STAGE1_BUILD_20260810","Stage 1 firmware build output","sketch\MqttService.cpp.libsdetect.d","27449","7EC0214AF76F5349336716D104F02F9F5AE3469975731F5140EAE94E9FA5A544","BuildOutput"
"Hydroponic_PHASE22B_STAGE1_BUILD_20260810","Stage 1 firmware build output","sketch\MqttService.cpp.o","142608","86D058AE0A3604459C722AE27E93390BE4D830DBF207B803005942AA0A5B866E","BuildOutput"
"Hydroponic_PHASE22B_STAGE1_BUILD_20260810","Stage 1 firmware build output","sketch\MqttService.h","499","1672EFF63545F4747563CB7CF6E307F2DB4CA4065EC890007A031D7EAC91B658","SourceOrDocumentation"
"Hydroponic_PHASE22B_STAGE1_BUILD_20260810","Stage 1 firmware build output","sketch\PayloadBuilder.cpp","5262","936ABD74E2B4C92C9146F1596CD90C502B7F8EB4BEB7591F59AEE667804E9562","SourceOrDocumentation"
"Hydroponic_PHASE22B_STAGE1_BUILD_20260810","Stage 1 firmware build output","sketch\PayloadBuilder.cpp.d","21341","BAA21BED0DCB5EC5C9C44295D37639C69CD73469918275AF51E6BAF81BF45AC6","BuildOutput"
"Hydroponic_PHASE22B_STAGE1_BUILD_20260810","Stage 1 firmware build output","sketch\PayloadBuilder.cpp.libsdetect.d","21285","641E4A073529BBD5FFE5D16BDC3D11EA8668FAD12B6F6619416AB53198EC070E","BuildOutput"
"Hydroponic_PHASE22B_STAGE1_BUILD_20260810","Stage 1 firmware build output","sketch\PayloadBuilder.cpp.o","132428","7566FECE6642519728A04209F0F29C3324081F90170B4F24A76FD8A1858D7C13","BuildOutput"
"Hydroponic_PHASE22B_STAGE1_BUILD_20260810","Stage 1 firmware build output","sketch\PayloadBuilder.h","608","9C9C7973FDD29DCBDDCFFC259516D9BC1632DAE2C26AF4F8F7FD8D3A59DF7F94","SourceOrDocumentation"
"Hydroponic_PHASE22B_STAGE1_BUILD_20260810","Stage 1 firmware build output","sketch\Pumps.cpp","1931","A9D8187EE57356C0B49B5B7C99AC90DE303FA3A8F64DA3807CF2553E8A0DA2F7","SourceOrDocumentation"
"Hydroponic_PHASE22B_STAGE1_BUILD_20260810","Stage 1 firmware build output","sketch\Pumps.cpp.d","21181","BA0E278101DAAA241DE110E988C0144C259BB8DCE860C6167E23211EB84E21A9","BuildOutput"
"Hydroponic_PHASE22B_STAGE1_BUILD_20260810","Stage 1 firmware build output","sketch\Pumps.cpp.libsdetect.d","21121","C82B583DAA3E2F3B386FB1339207EFAA0670EED0B2A2857E47C46CDB3562871B","BuildOutput"
"Hydroponic_PHASE22B_STAGE1_BUILD_20260810","Stage 1 firmware build output","sketch\Pumps.cpp.o","40680","ABFB3CF55637C3D807CBF460B96965FD4B399623A0EA9D6DEF6FABA278D76F6C","BuildOutput"
"Hydroponic_PHASE22B_STAGE1_BUILD_20260810","Stage 1 firmware build output","sketch\Pumps.h","388","70BB5B3BF9A0C2AC748BA108EA307D42B0BF3DBB103E9BD9F7C48C868BF04F33","SourceOrDocumentation"
"Hydroponic_PHASE22B_STAGE1_BUILD_20260810","Stage 1 firmware build output","sketch\Sensors.cpp","4249","A46DC7A11335C3D083179931BB7DE761710E49C92644BC58061BD492551C4002","SourceOrDocumentation"
"Hydroponic_PHASE22B_STAGE1_BUILD_20260810","Stage 1 firmware build output","sketch\Sensors.cpp.d","21349","2A01E74A59E468DDD8CF25B26DDF0CD3C9815459B26951F573C4802473917C81","BuildOutput"
"Hydroponic_PHASE22B_STAGE1_BUILD_20260810","Stage 1 firmware build output","sketch\Sensors.cpp.libsdetect.d","21293","3B10BC7CEC903973844DC454EE19C300AD4519E646A8AF953318EB16A294AA52","BuildOutput"
"Hydroponic_PHASE22B_STAGE1_BUILD_20260810","Stage 1 firmware build output","sketch\Sensors.cpp.o","56328","162B2372A7908E5BCDD06B7A6D15D6417519E35F5F058931DC0D21DFD32CF365","BuildOutput"
"Hydroponic_PHASE22B_STAGE1_BUILD_20260810","Stage 1 firmware build output","sketch\Sensors.h","470","0C59460AA044604D52E15A6DEFC086002AE2F0DB50453396A7F25677E380A628","SourceOrDocumentation"
"Hydroponic_PHASE22B_STAGE1_BUILD_20260810","Stage 1 firmware build output","sketch\TelemetryIdentity.cpp","1172","41D5A7D624AA39137D5491943C906986A00EA39F435D6A70F51AFF7ED0BF52ED","SourceOrDocumentation"
"Hydroponic_PHASE22B_STAGE1_BUILD_20260810","Stage 1 firmware build output","sketch\TelemetryIdentity.cpp.d","21220","AD360129A0B288068B03C58439DE7DBC83E21AFE8476AA199241FC14044E62DD","BuildOutput"
"Hydroponic_PHASE22B_STAGE1_BUILD_20260810","Stage 1 firmware build output","sketch\TelemetryIdentity.cpp.libsdetect.d","21164","BF6417BBADEB9FAA8C73FC740372983C5095C50E22ECE3064F4CAD0DCC064D01","BuildOutput"
"Hydroponic_PHASE22B_STAGE1_BUILD_20260810","Stage 1 firmware build output","sketch\TelemetryIdentity.cpp.o","53872","963FA33AADA6F3029E12C8D12B516A14D4407CBF5732BEDBB8D66BB59B2FC490","BuildOutput"
"Hydroponic_PHASE22B_STAGE1_BUILD_20260810","Stage 1 firmware build output","sketch\TelemetryIdentity.h","504","A635BC446381059A9DB6E7C01E81A45E19647EB817CD126F2ED0EA787AB3DC42","SourceOrDocumentation"
"Hydroponic_PHASE22B_STAGE1_BUILD_20260810","Stage 1 firmware build output","sketch\TelemetryPublishState.h","874","853581163E47B4AC336157B96F0658044D8C5EFD04052D21916FD9F9DD777897","SourceOrDocumentation"
"Hydroponic_PHASE22B_STAGE1_BUILD_20260810","Stage 1 firmware build output","sketch\TelemetrySequence.h","492","8254778E27348BBBA9092A5B5BD706BB641D43D5D83C6E9F2F701450CFAF9C6B","SourceOrDocumentation"
"Hydroponic_STAGE1_PATCH_REPO","Temporary patch-generation Git repository",".gitignore","123","F379F95572C48499A809F91DDBB97FFE4A5A97F766D0BC90D052CD59B10F912F","SourceOrDocumentation"
"Hydroponic_STAGE1_PATCH_REPO","Temporary patch-generation Git repository","00_Docs\archive\phase20\PHASE_20B_REVIEW_PACKAGE.md","36202","2D6F0CD39ABA4CA807ED4ED9C687178CCA5B47F6340F7D21EB664A22639DBB89","SourceOrDocumentation"
"Hydroponic_STAGE1_PATCH_REPO","Temporary patch-generation Git repository","00_Docs\archive\phase20\PHASE_20C_REVIEW_PACKAGE.md","8453","30775835E4EDAF68D53010CB637DE3BF2536E3F31BD3D85EA9963A8015D9FBDA","SourceOrDocumentation"
"Hydroponic_STAGE1_PATCH_REPO","Temporary patch-generation Git repository","00_Docs\archive\phase20\PHASE_20D_REVIEW_PACKAGE.md","5035","87D317833B52E132C42B04BEAF71C3BDC26F0F9A027F426945ABB53138B93987","SourceOrDocumentation"
"Hydroponic_STAGE1_PATCH_REPO","Temporary patch-generation Git repository","00_Docs\CODEX_INSTRUCTIONS.md","1026","C617F0928988182A86B58480F3E72EA35CB3549FFFFE0111924C22E28F7931C6","SourceOrDocumentation"
"Hydroponic_STAGE1_PATCH_REPO","Temporary patch-generation Git repository","00_Docs\Database_Schema.md","3751","9D46A5C57212FE71A6F89CE4C3C5BC94CA74D8D51B2B0BC5C5F7772DB663EA60","SourceOrDocumentation"
"Hydroponic_STAGE1_PATCH_REPO","Temporary patch-generation Git repository","00_Docs\DEMO_CHECKLIST_AUTO_DOSING.md","4897","FAF24107744BB8F5921C6D29064F1C1A34AA437B32D940577AFE8B82203B9193","SourceOrDocumentation"
"Hydroponic_STAGE1_PATCH_REPO","Temporary patch-generation Git repository","00_Docs\EC_TDS_Calibration.md","2027","0178EE22BE9F5FF8C53481C80EA5DE977EB1B080917E59FC0B335F617C75D31B","SourceOrDocumentation"
"Hydroponic_STAGE1_PATCH_REPO","Temporary patch-generation Git repository","00_Docs\MAIN_REPORT_PHASE20D_DOCX_UPDATE_REVIEW.md","6298","F9E2A07AC226B897D80AF89C58684A7C1C34E31ABB04B9A1B314189A1DA3C302","SourceOrDocumentation"
"Hydroponic_STAGE1_PATCH_REPO","Temporary patch-generation Git repository","00_Docs\MQTT_Topics.md","665","8C31A1DB609C1AED5945F9D50EC909F4FAD32FC4193E2CCDA54755B95519DEC7","SourceOrDocumentation"
"Hydroponic_STAGE1_PATCH_REPO","Temporary patch-generation Git repository","00_Docs\Payload_Format.md","2984","3A1BE20708ED89BA9BEB80F54A6B11FBA08E048C44E3CD08B20814D28FEFD9DD","SourceOrDocumentation"
"Hydroponic_STAGE1_PATCH_REPO","Temporary patch-generation Git repository","00_Docs\Pin_Map.md","3896","07D5A0BDBF392D51443A56C6BC1215EFFE91016556DD9EAF529196D949895043","SourceOrDocumentation"
"Hydroponic_STAGE1_PATCH_REPO","Temporary patch-generation Git repository","00_Docs\PROJECT_PLAN.md","2724","EE634CF620E3F7254B129AA1EAFD9B3118080EA1FF349C274AC2E9156665EAE2","SourceOrDocumentation"
"Hydroponic_STAGE1_PATCH_REPO","Temporary patch-generation Git repository","00_Docs\PROJECT_STATUS_REPORT.md","35041","FD8CC79A12F81937AE754BF7C83028161DE625F83123096A1BCB5288579C2D8D","SourceOrDocumentation"
"Hydroponic_STAGE1_PATCH_REPO","Temporary patch-generation Git repository","00_Docs\Pump_Calibration.md","613","CEF3D80D7980F343E796C4E47B40D61F94F00414D639ED47D040F2560C8A49C3","SourceOrDocumentation"
"Hydroponic_STAGE1_PATCH_REPO","Temporary patch-generation Git repository","00_Docs\Telemetry_Identity_Shadow_Mode.md","8695","0B020EAC2174E2EDF2969CF71F16A242685FE71154AAD30FAE5BCD9F6A4C27DD","SourceOrDocumentation"
"Hydroponic_STAGE1_PATCH_REPO","Temporary patch-generation Git repository","00_Docs\Wiring_Checklist.md","3342","468C0C88695AE92B9FEE3A728E6058018C1889563E83E9BF3CD85BCA140E8642","SourceOrDocumentation"
"Hydroponic_STAGE1_PATCH_REPO","Temporary patch-generation Git repository","01_ESP32_Test_Sketches\T01_Blink_Serial\T01_Blink_Serial.ino","1661","4DBB0C2556B96387EBA1F9DC14A5906940B8AF712EF2BBA86910AC0DF2DD56A9","SourceOrDocumentation"
"Hydroponic_STAGE1_PATCH_REPO","Temporary patch-generation Git repository","01_ESP32_Test_Sketches\T02_TDS_SEN0244_Test\T02_TDS_SEN0244_Test.ino","2178","99D8F184E8241DAF2EC144FFEDB5D882BDD764A611CD6AF66186E0790D573BD8","SourceOrDocumentation"
"Hydroponic_STAGE1_PATCH_REPO","Temporary patch-generation Git repository","01_ESP32_Test_Sketches\T03_DS18B20_Test\T03_DS18B20_Test.ino","2082","8B8BBFA7E14431B5D86473A5984B272C5259DED467A6829A8FF041A21A527448","SourceOrDocumentation"
"Hydroponic_STAGE1_PATCH_REPO","Temporary patch-generation Git repository","01_ESP32_Test_Sketches\T04_Water_Level_Float_Test\T04_Water_Level_Float_Test.ino","1737","1EC62F615A8AE082EDA037DC036633977B751F7E0C470D90120D87BD11DC6EC8","SourceOrDocumentation"
"Hydroponic_STAGE1_PATCH_REPO","Temporary patch-generation Git repository","01_ESP32_Test_Sketches\T05_MOSFET_4CH_Test\T05_MOSFET_4CH_Test.ino","3459","88C2792CA4B021E438ED17522D37F5464F2CBB90678D0A57E3A2744F6AD20496","SourceOrDocumentation"
"Hydroponic_STAGE1_PATCH_REPO","Temporary patch-generation Git repository","01_ESP32_Test_Sketches\T06_Pump_Main_Test\T06_Pump_Main_Test.ino","2238","513FC2855A4769D7E0246DAC1C5112371C2D93E72721F91229A26AF6094A0F8B","SourceOrDocumentation"
"Hydroponic_STAGE1_PATCH_REPO","Temporary patch-generation Git repository","01_ESP32_Test_Sketches\T07_Pump_A_B_Test\T07_Pump_A_B_Test.ino","3593","A2476AE79A3136131AE7EAEFAEDF60EE5252D0B1D54F441F87663D073074D8BB","SourceOrDocumentation"
"Hydroponic_STAGE1_PATCH_REPO","Temporary patch-generation Git repository","01_ESP32_Test_Sketches\T08_All_Hardware_Test\T08_All_Hardware_Test.ino","9623","A7B8DB2AA5B4EB871A4CD9854C32EBBA8CE7BEBCB72ABADCEFC700E34834F341","SourceOrDocumentation"
"Hydroponic_STAGE1_PATCH_REPO","Temporary patch-generation Git repository","02_ESP32_Main_Firmware\Hydroponic_Device001\ActuatorSafety.h","325","FEF0AE966FD0003441633573FA2EC625C2459FEF73EF64651806AA1C6A173688","SourceOrDocumentation"
"Hydroponic_STAGE1_PATCH_REPO","Temporary patch-generation Git repository","02_ESP32_Main_Firmware\Hydroponic_Device001\BuildProfile.h","711","3F57C6CE61360156956189C1C4D949F4442DD9C31AAD80C6CF3A4411CED86CE3","SourceOrDocumentation"
"Hydroponic_STAGE1_PATCH_REPO","Temporary patch-generation Git repository","02_ESP32_Main_Firmware\Hydroponic_Device001\Config.h","2231","22C2A93F4ECC08BF962BD2BEE07BC708495A99A7CD0807BFB0C28E16AF4AD6FC","SourceOrDocumentation"
"Hydroponic_STAGE1_PATCH_REPO","Temporary patch-generation Git repository","02_ESP32_Main_Firmware\Hydroponic_Device001\Hydroponic_Device001.ino","20697","11BFCCE0ACC536A2D4506EA43060D02133772975785A136BD3C9B696087A304C","SourceOrDocumentation"
"Hydroponic_STAGE1_PATCH_REPO","Temporary patch-generation Git repository","02_ESP32_Main_Firmware\Hydroponic_Device001\MqttService.cpp","3909","A351B05702F6CB219AD5B89E29005D928FB7CFCE04D628E32A2DCA7527F96161","SourceOrDocumentation"
"Hydroponic_STAGE1_PATCH_REPO","Temporary patch-generation Git repository","02_ESP32_Main_Firmware\Hydroponic_Device001\MqttService.h","403","51D157967BA38D8B9C9024E834BE12B2CDA96B03CD4CA2895A1143A8AED7A074","SourceOrDocumentation"
"Hydroponic_STAGE1_PATCH_REPO","Temporary patch-generation Git repository","02_ESP32_Main_Firmware\Hydroponic_Device001\PayloadBuilder.cpp","5161","8C9E67312BF2E9BEB9811EE11BBC3D6C918C0E6A2EAEEE1800146989B651A984","SourceOrDocumentation"
"Hydroponic_STAGE1_PATCH_REPO","Temporary patch-generation Git repository","02_ESP32_Main_Firmware\Hydroponic_Device001\PayloadBuilder.h","509","45D95972695910141E9F7EECF4D59638AD6681BD5452746DC261AEFDB4EDA17E","SourceOrDocumentation"
"Hydroponic_STAGE1_PATCH_REPO","Temporary patch-generation Git repository","02_ESP32_Main_Firmware\Hydroponic_Device001\Pumps.cpp","1839","E4920CB3326DBED6C66444E415D9AD43AC394E476B266F95A65B0CB8736D5CD3","SourceOrDocumentation"
"Hydroponic_STAGE1_PATCH_REPO","Temporary patch-generation Git repository","02_ESP32_Main_Firmware\Hydroponic_Device001\Pumps.h","298","D90CB5C07214637EB5D567321E0D2F6CDAFB1149B53F3C08553AD1F43886B8F8","SourceOrDocumentation"
"Hydroponic_STAGE1_PATCH_REPO","Temporary patch-generation Git repository","02_ESP32_Main_Firmware\Hydroponic_Device001\Secrets.h.example","424","9F924ADB3E3C413A4E904CFEACA0E6B12BD44FAE82892238C754CF3370E72746","SourceOrDocumentation"
"Hydroponic_STAGE1_PATCH_REPO","Temporary patch-generation Git repository","02_ESP32_Main_Firmware\Hydroponic_Device001\SecretsStage1.h.example","437","F48ADD9EDE1895D4232C1A54DB0E8AF1986FB174A965EABC32C0A4EF514CCBE4","SourceOrDocumentation"
"Hydroponic_STAGE1_PATCH_REPO","Temporary patch-generation Git repository","02_ESP32_Main_Firmware\Hydroponic_Device001\Sensors.cpp","4155","67A312838D90C18A405007E9304EFB34FB97AD5C7DA5975E5FD4AE1DBF006A30","SourceOrDocumentation"
"Hydroponic_STAGE1_PATCH_REPO","Temporary patch-generation Git repository","02_ESP32_Main_Firmware\Hydroponic_Device001\Sensors.h","378","D633339E34E947574976A5FD4B4A174DB0ACA0389B5F37C6290F3D9D99C3DAF1","SourceOrDocumentation"
"Hydroponic_STAGE1_PATCH_REPO","Temporary patch-generation Git repository","02_ESP32_Main_Firmware\Hydroponic_Device001\TelemetryIdentity.cpp","1068","BE2651EE8C950D9EAF6514FD6ECEFE4A26699B347232D86D14D5C9066B2799C9","SourceOrDocumentation"
"Hydroponic_STAGE1_PATCH_REPO","Temporary patch-generation Git repository","02_ESP32_Main_Firmware\Hydroponic_Device001\TelemetryIdentity.h","402","6FB7B85FCB3AC66E1F82BF88B021A384A29B81072469DDB3E76043B65C3AC365","SourceOrDocumentation"
"Hydroponic_STAGE1_PATCH_REPO","Temporary patch-generation Git repository","02_ESP32_Main_Firmware\Hydroponic_Device001\TelemetryPublishState.h","768","51DCFDCB23495800B0998F362B38814DA4AEED5A059D7B2D84EECF4CB62E5EBE","SourceOrDocumentation"
"Hydroponic_STAGE1_PATCH_REPO","Temporary patch-generation Git repository","02_ESP32_Main_Firmware\Hydroponic_Device001\TelemetrySequence.h","390","8DFB502DB6E99107F62FE5FE5CB4A9513E167961E630F99F249D64C9ACD9CCB9","SourceOrDocumentation"
"Hydroponic_STAGE1_PATCH_REPO","Temporary patch-generation Git repository","03_Edge_Server\mqtt_backend\.env.example","976","D8BFAB953504CAC7BB93DCA1684E6862D052AD874C71CCF0810873743A8D8391","SourceOrDocumentation"
"Hydroponic_STAGE1_PATCH_REPO","Temporary patch-generation Git repository","03_Edge_Server\mqtt_backend\package.json","571","DB66DFD64350B6D148281DAC7F7F83E7433B5910AB54BC585DBF85F43C255529","SourceOrDocumentation"
"Hydroponic_STAGE1_PATCH_REPO","Temporary patch-generation Git repository","03_Edge_Server\mqtt_backend\package-lock.json","56295","F8CD984BD4AD8DE411132064FF00ED0ACC4C8D4B8BB9E3531323BCFA8D0D7E63","SourceOrDocumentation"
"Hydroponic_STAGE1_PATCH_REPO","Temporary patch-generation Git repository","03_Edge_Server\mqtt_backend\public\app.js","74231","890C4C4E156B5CD71BCF8711329449E2ADC4C6DB3CC74D8A3E3CAA82B1377740","SourceOrDocumentation"
"Hydroponic_STAGE1_PATCH_REPO","Temporary patch-generation Git repository","03_Edge_Server\mqtt_backend\public\index.html","55237","F3FAD8E4CF20D52A67B8A2404A3755B06FCC595E7FECDB2866E8D613662E9137","SourceOrDocumentation"
"Hydroponic_STAGE1_PATCH_REPO","Temporary patch-generation Git repository","03_Edge_Server\mqtt_backend\public\styles.css","15274","9AC434109D9A4D8EE945A9E5C802E481FC673CE04ADFBF43D0EDF3119DEB344C","SourceOrDocumentation"
"Hydroponic_STAGE1_PATCH_REPO","Temporary patch-generation Git repository","03_Edge_Server\mqtt_backend\README.md","32807","54441301820FA8540DB8DDFA3FD640A6A40C79964B269918DE001838F2617FCD","SourceOrDocumentation"
"Hydroponic_STAGE1_PATCH_REPO","Temporary patch-generation Git repository","03_Edge_Server\mqtt_backend\scripts\migrateLegacyTdsCalibrations.js","2476","F69DD0618E67B9CFCF8EC5E8B5D6A3429C9BF61CE49B875214C7FB9047649F75","SourceOrDocumentation"
"Hydroponic_STAGE1_PATCH_REPO","Temporary patch-generation Git repository","03_Edge_Server\mqtt_backend\src\config\phase22Config.js","748","26BA55A693FEF9F48EFE5AE1F315B7A8093D098E6111AA080374B6039049FD4C","SourceOrDocumentation"
"Hydroponic_STAGE1_PATCH_REPO","Temporary patch-generation Git repository","03_Edge_Server\mqtt_backend\src\config\tdsQualityConfig.js","1767","D080F4AB45FF37407C44FBE862C9A2BCCF4F99AC98F83AFB510BB721B880C765","SourceOrDocumentation"
"Hydroponic_STAGE1_PATCH_REPO","Temporary patch-generation Git repository","03_Edge_Server\mqtt_backend\src\httpServer.js","1461","6705B7B0E1317A2EB235FA1DD9625EBA4BEA217844C6BBAD84D8D7EF48109144","SourceOrDocumentation"
"Hydroponic_STAGE1_PATCH_REPO","Temporary patch-generation Git repository","03_Edge_Server\mqtt_backend\src\index.js","1143","C1D7AAFB9B7467E4D595CDEFD02E6321E9F6E65E8B203608198BA8E68B626DAC","SourceOrDocumentation"
"Hydroponic_STAGE1_PATCH_REPO","Temporary patch-generation Git repository","03_Edge_Server\mqtt_backend\src\mongoClient.js","4680","B498939A5ADC66B88F59664ED42B0FC103432195C20CAC5B045937B5974C9BBF","SourceOrDocumentation"
"Hydroponic_STAGE1_PATCH_REPO","Temporary patch-generation Git repository","03_Edge_Server\mqtt_backend\src\mqttClient.js","3931","6D038CE1E9DCAA70E483159593103738241AAE76A2D4E0A99B3EEB1536A18ADA","SourceOrDocumentation"
"Hydroponic_STAGE1_PATCH_REPO","Temporary patch-generation Git repository","03_Edge_Server\mqtt_backend\src\routes\deviceRoutes.js","18569","11DCF6B7DC630479F3B1ECB8AC705A5B6AF1B3A0B1D27A21CC682C2E9C9B6A22","SourceOrDocumentation"
"Hydroponic_STAGE1_PATCH_REPO","Temporary patch-generation Git repository","03_Edge_Server\mqtt_backend\src\services\alertService.js","3768","C97B2176978630542D46F4CC66350C4B318F81F5AD23E6170802BCA821DD955F","SourceOrDocumentation"
"Hydroponic_STAGE1_PATCH_REPO","Temporary patch-generation Git repository","03_Edge_Server\mqtt_backend\src\services\autoDosingEventService.js","4907","C2678479B4EAB467481ED343CCF671A2686EC2A017AB54BC3B04DCBA83DA57D7","SourceOrDocumentation"
"Hydroponic_STAGE1_PATCH_REPO","Temporary patch-generation Git repository","03_Edge_Server\mqtt_backend\src\services\autoDosingReadinessService.js","2851","3C4321B5E9E7A239229766B645C2B9959F7459392A2ABC9AF4C28A8D69BEFA84","SourceOrDocumentation"
"Hydroponic_STAGE1_PATCH_REPO","Temporary patch-generation Git repository","03_Edge_Server\mqtt_backend\src\services\autoDosingService.js","40158","9BD80FF77B08909CE42C685D2CA4725FA812DF3336244D234C681C25AE3CF1C7","SourceOrDocumentation"
"Hydroponic_STAGE1_PATCH_REPO","Temporary patch-generation Git repository","03_Edge_Server\mqtt_backend\src\services\deviceQueryService.js","1318","12CB9B22D8B5621FD66CDE9F77F5CA90AF47482CDC6530B43ACE7205D1A284F3","SourceOrDocumentation"
"Hydroponic_STAGE1_PATCH_REPO","Temporary patch-generation Git repository","03_Edge_Server\mqtt_backend\src\services\exportService.js","2883","B70B968CAEE34C784645A135965D1C0AAD6816CFC9F337D835546C0862E737C5","SourceOrDocumentation"
"Hydroponic_STAGE1_PATCH_REPO","Temporary patch-generation Git repository","03_Edge_Server\mqtt_backend\src\services\nutrientResponseService.js","5276","204C7DC377DCDCB849B24C28D674C3FE1F1A949BBAADFF34EDDEE295E68E4DB3","SourceOrDocumentation"
"Hydroponic_STAGE1_PATCH_REPO","Temporary patch-generation Git repository","03_Edge_Server\mqtt_backend\src\services\pumpCalibrationService.js","3201","07D83C84968AA1F6CD5412FF292BA3C52889DAB551AD45F3F6AFA080599D0987","SourceOrDocumentation"
"Hydroponic_STAGE1_PATCH_REPO","Temporary patch-generation Git repository","03_Edge_Server\mqtt_backend\src\services\pumpCommandService.js","3961","B84D4C876F1D4BB14FC68DD82EE9C41E1E8645360E768A44BA7D05763BCBF653","SourceOrDocumentation"
"Hydroponic_STAGE1_PATCH_REPO","Temporary patch-generation Git repository","03_Edge_Server\mqtt_backend\src\services\pumpLogService.js","4043","57FC9C8598655212921F25CD22E0B354C454D4E8C9AFC6AD4534CA765330751D","SourceOrDocumentation"
"Hydroponic_STAGE1_PATCH_REPO","Temporary patch-generation Git repository","03_Edge_Server\mqtt_backend\src\services\sensorLogService.js","15023","34D248AE55A79EE2505E4863B03D84C434216BB5244A34A0667C5AFC5AE64A67","SourceOrDocumentation"
"Hydroponic_STAGE1_PATCH_REPO","Temporary patch-generation Git repository","03_Edge_Server\mqtt_backend\src\services\shadowDosingEngine.js","8002","A14BD4DCBAF1A9EAB7D4226922EF566B3EF440CC9B8425C9C7FFDA8B0B0E0DAE","SourceOrDocumentation"
"Hydroponic_STAGE1_PATCH_REPO","Temporary patch-generation Git repository","03_Edge_Server\mqtt_backend\src\services\shadowDosingService.js","5067","8138C46184E48D911AA93777CAF8D7A50C9B2E5147B3D9D8530EB44877C7C055","SourceOrDocumentation"
"Hydroponic_STAGE1_PATCH_REPO","Temporary patch-generation Git repository","03_Edge_Server\mqtt_backend\src\services\tdsCalibrationService.js","28922","70041A46B88828060446072CCC858ACC17CE988CD34883A066B12B2E4BD750A6","SourceOrDocumentation"
"Hydroponic_STAGE1_PATCH_REPO","Temporary patch-generation Git repository","03_Edge_Server\mqtt_backend\src\services\tdsQualityService.js","6579","7F70509F44BF5EE7B2516CD57663A46A4918317FC87474755F1C26C0472A6F6D","SourceOrDocumentation"
"Hydroponic_STAGE1_PATCH_REPO","Temporary patch-generation Git repository","03_Edge_Server\mqtt_backend\src\services\telemetryIdentityService.js","5092","2DF83BE7BB2CA8DC7B4CEFD404811A6178C1C62C86D8713A621319A7278D6F55","SourceOrDocumentation"
"Hydroponic_STAGE1_PATCH_REPO","Temporary patch-generation Git repository","03_Edge_Server\mqtt_backend\src\services\telemetryPipelineService.js","591","A29FF8D6047F5074F89D385F4A5FA80EEC2B12897BD05AAFBFDCA6C411CBD077","SourceOrDocumentation"
"Hydroponic_STAGE1_PATCH_REPO","Temporary patch-generation Git repository","03_Edge_Server\mqtt_backend\src\validators\autoDosingSettingsValidator.js","5003","77E0748EEAC7EEFE8083A07D79208F3F922D7EC6D132A83596D35FDD075850F6","SourceOrDocumentation"
"Hydroponic_STAGE1_PATCH_REPO","Temporary patch-generation Git repository","03_Edge_Server\mqtt_backend\src\validators\nutrientResponseTestValidator.js","5701","97DA964F5923A9D8DD1EA6D6F7CA8E96764E1488AC136169E7391D0F5D786E35","SourceOrDocumentation"
"Hydroponic_STAGE1_PATCH_REPO","Temporary patch-generation Git repository","03_Edge_Server\mqtt_backend\src\validators\pumpCalibrationValidator.js","2292","65CDAD783EFDFA0F9B8E6CC88A2627F17A76D9684964D976F06AD0C1E10FC14F","SourceOrDocumentation"
"Hydroponic_STAGE1_PATCH_REPO","Temporary patch-generation Git repository","03_Edge_Server\mqtt_backend\src\validators\pumpCommandValidator.js","2646","70102D24B89F9A83564D08F08CCAC0364C922E629CBB9993B76F19D0742E5288","SourceOrDocumentation"
"Hydroponic_STAGE1_PATCH_REPO","Temporary patch-generation Git repository","03_Edge_Server\mqtt_backend\src\validators\sensorPayloadValidator.js","5960","4E46800CA418E49689057BC83D540B0788C0A37347FF8947D96EF0C55F21E92E","SourceOrDocumentation"
"Hydroponic_STAGE1_PATCH_REPO","Temporary patch-generation Git repository","03_Edge_Server\mqtt_backend\src\validators\tdsCalibrationSetValidator.js","9018","D321879195A40C3838BCA515885E9C16ABDF51FAB6FB8F2DFA617BC4558C6CBC","SourceOrDocumentation"
"Hydroponic_STAGE1_PATCH_REPO","Temporary patch-generation Git repository","03_Edge_Server\mqtt_backend\src\validators\tdsCalibrationValidator.js","461","3B58ED004B84369148A91592BE5A9FC58727CC8FB4132BF86615F25308BABCBA","SourceOrDocumentation"
"Hydroponic_STAGE1_PATCH_REPO","Temporary patch-generation Git repository","03_Edge_Server\mqtt_backend\staging\.env.staging.example","535","E1868B9CA2A12142BECB38D6F9F0288766CBB0E03104B320A8BDDAC70DC33833","SourceOrDocumentation"
"Hydroponic_STAGE1_PATCH_REPO","Temporary patch-generation Git repository","03_Edge_Server\mqtt_backend\staging\Get-StagingStatus.ps1","889","A15AAFC96D2A06B38BB1FED8256B6339846E6F4A014045EA2C27582FAAAC0D3E","SourceOrDocumentation"
"Hydroponic_STAGE1_PATCH_REPO","Temporary patch-generation Git repository","03_Edge_Server\mqtt_backend\staging\mosquitto.stage0.conf","145","222ABE58FE275AB78CD1E0C1233DD7A7C71F88B098919F557705815FB46FB85C","SourceOrDocumentation"
"Hydroponic_STAGE1_PATCH_REPO","Temporary patch-generation Git repository","03_Edge_Server\mqtt_backend\staging\README.md","1990","3B8F2407C9E4ADBB9D1AF8FDC065F6BEC002AB131F7EE50D175AEAB016FB802E","SourceOrDocumentation"
"Hydroponic_STAGE1_PATCH_REPO","Temporary patch-generation Git repository","03_Edge_Server\mqtt_backend\staging\Reset-Staging.ps1","714","81667C7BF9238AADCE281BA544A95BCB93367E4EB84C13F700F18E856E047DB3","SourceOrDocumentation"
"Hydroponic_STAGE1_PATCH_REPO","Temporary patch-generation Git repository","03_Edge_Server\mqtt_backend\staging\runStage0Checks.js","15980","2649C79FBE37D99A053C8B9151F8ADC2A06F0F27DD6F337E9581327945D25B8D","SourceOrDocumentation"
"Hydroponic_STAGE1_PATCH_REPO","Temporary patch-generation Git repository","03_Edge_Server\mqtt_backend\staging\Stage0.Common.ps1","1940","4DA645518CECA9B5BA43E8162025E7E86DD4EEF2363BEC954C7CA3EEBA785E2A","SourceOrDocumentation"
"Hydroponic_STAGE1_PATCH_REPO","Temporary patch-generation Git repository","03_Edge_Server\mqtt_backend\staging\stage1\.env.stage1.example","542","41CF33C5CB9DCD73CBFD9116BD0D44A07E5F75AEC3E372C1E4CFDA94C83F366D","SourceOrDocumentation"
"Hydroponic_STAGE1_PATCH_REPO","Temporary patch-generation Git repository","03_Edge_Server\mqtt_backend\staging\stage1\Get-Stage1-Status.ps1","1266","6F2610F231D47EA58A61FDDDA9739394EE5BCC4EEDBB997C0FB5570296173FEB","SourceOrDocumentation"
"Hydroponic_STAGE1_PATCH_REPO","Temporary patch-generation Git repository","03_Edge_Server\mqtt_backend\staging\stage1\mosquitto.stage1.conf.example","241","7B97F282C76A393F591F6B29D20C859B9C33779577811EF1F7C3A90CC0D247C6","SourceOrDocumentation"
"Hydroponic_STAGE1_PATCH_REPO","Temporary patch-generation Git repository","03_Edge_Server\mqtt_backend\staging\stage1\README.md","1350","AEC2650B9F0F5B01527031B71FFBCE88AD5E4D37903318FDE5D9298F22823EC3","SourceOrDocumentation"
"Hydroponic_STAGE1_PATCH_REPO","Temporary patch-generation Git repository","03_Edge_Server\mqtt_backend\staging\stage1\Reset-Stage1-Preflight.ps1","799","8E82DF43F8AABDD30317334DE4538E01A6133AE3DBBE54835AA578CBE50D586D","SourceOrDocumentation"
"Hydroponic_STAGE1_PATCH_REPO","Temporary patch-generation Git repository","03_Edge_Server\mqtt_backend\staging\stage1\runStage1PreflightChecks.js","6861","F48419AB9998660CEC055163D39F48C438D86040FEEBDECC04086A4A48624F54","SourceOrDocumentation"
"Hydroponic_STAGE1_PATCH_REPO","Temporary patch-generation Git repository","03_Edge_Server\mqtt_backend\staging\stage1\Stage1.Common.ps1","3538","79BC0425194A44A00091344512637ED044EA559CA5DB12FBECE5E13ADA8E00D3","SourceOrDocumentation"
"Hydroponic_STAGE1_PATCH_REPO","Temporary patch-generation Git repository","03_Edge_Server\mqtt_backend\staging\stage1\Start-Stage1-Preflight.ps1","8541","77692019BFF4FF3B46158FF17F424B65CEFD836F2C5C0C1E31E3E5C0D816A846","SourceOrDocumentation"
"Hydroponic_STAGE1_PATCH_REPO","Temporary patch-generation Git repository","03_Edge_Server\mqtt_backend\staging\stage1\Stop-Stage1-Preflight.ps1","1511","40672BEEF1461152412C8286854B3FE44AC7B521D6E1869396106A1D2BAB785C","SourceOrDocumentation"
"Hydroponic_STAGE1_PATCH_REPO","Temporary patch-generation Git repository","03_Edge_Server\mqtt_backend\staging\Start-Staging.ps1","4828","C415285571ABB87ABF884E290C5D47558FD692AD5BB7A61FF46F7C8951FDDA32","SourceOrDocumentation"
"Hydroponic_STAGE1_PATCH_REPO","Temporary patch-generation Git repository","03_Edge_Server\mqtt_backend\staging\Stop-Staging.ps1","1340","603F88600B45D92576149E097051610A205F33CA15A61280F8CF45955880A5A7","SourceOrDocumentation"
"Hydroponic_STAGE1_PATCH_REPO","Temporary patch-generation Git repository","03_Edge_Server\mqtt_backend\test\autoDosingSafety.test.js","4448","D06C0341F44A9790D3FC0C6BC8E63204093965D6CA0BBB7CAEC670C71CFE125E","SourceOrDocumentation"
"Hydroponic_STAGE1_PATCH_REPO","Temporary patch-generation Git repository","03_Edge_Server\mqtt_backend\test\dashboardContract.test.js","6440","6B9D16A0A7C2307C4AC8DB8E4CE4A5936F40D90A53352EB17F1BC551DDF52AC9","SourceOrDocumentation"
"Hydroponic_STAGE1_PATCH_REPO","Temporary patch-generation Git repository","03_Edge_Server\mqtt_backend\test\fixtures\stage1_actuator_lock_host_test.cpp","602","16DA9E657A0CA38B4D32F89177108D8D1028C5F5BE4A1F7465E4DF468A172176","SourceOrDocumentation"
"Hydroponic_STAGE1_PATCH_REPO","Temporary patch-generation Git repository","03_Edge_Server\mqtt_backend\test\fixtures\telemetry_firmware_host_test.cpp","815","4EE7B82D8F2A4D2FA9982F1F510EE66EC372B0F583E99AE9F0214893C0E61B46","SourceOrDocumentation"
"Hydroponic_STAGE1_PATCH_REPO","Temporary patch-generation Git repository","03_Edge_Server\mqtt_backend\test\phase21FixBehavior.test.js","17563","5477BEBBB55A59CD3FF1433BDAD2C0A1EEE576F70CC7BC5DB295386B2636DD1B","SourceOrDocumentation"
"Hydroponic_STAGE1_PATCH_REPO","Temporary patch-generation Git repository","03_Edge_Server\mqtt_backend\test\phase22aFix1.test.js","9690","835DD6FBD45C4BD1DA8ED0D38DAC277592EA9559DAF3E9CAAA45722D14A3D007","SourceOrDocumentation"
"Hydroponic_STAGE1_PATCH_REPO","Temporary patch-generation Git repository","03_Edge_Server\mqtt_backend\test\phase22Pipeline.test.js","9545","A4BF2038C6683AAE3A0A2197A2F2772C083C52D66D251A990C5F6B59455C3DC1","SourceOrDocumentation"
"Hydroponic_STAGE1_PATCH_REPO","Temporary patch-generation Git repository","03_Edge_Server\mqtt_backend\test\phase22ShadowEngine.test.js","7584","DCBF33BB62288231FC61D491B722991F361E257FA8F3C4AD345AF39D00B36FD7","SourceOrDocumentation"
"Hydroponic_STAGE1_PATCH_REPO","Temporary patch-generation Git repository","03_Edge_Server\mqtt_backend\test\phase22TelemetryIdentity.test.js","11264","ECD4F2736B37104B83E49E5783618DBC5810499AD669DCB77055D3EDE40304C0","SourceOrDocumentation"
"Hydroponic_STAGE1_PATCH_REPO","Temporary patch-generation Git repository","03_Edge_Server\mqtt_backend\test\stabilityMigration.test.js","8008","C1FBDC9B2711C7240FE1C65DE7BE6E0F6B1115349E97D62389872EA6B0424E0B","SourceOrDocumentation"
"Hydroponic_STAGE1_PATCH_REPO","Temporary patch-generation Git repository","03_Edge_Server\mqtt_backend\test\stage0Safety.test.js","1450","467FAB93B8945E3E3F0E2A37A21208D896E55EF96AF3A678CCEFDCFF0B34A4A1","SourceOrDocumentation"
"Hydroponic_STAGE1_PATCH_REPO","Temporary patch-generation Git repository","03_Edge_Server\mqtt_backend\test\stage1PreflightSafety.test.js","3757","E46A9F834911A7A7BE35289426AC47CE96F1D83C656A1C76A3A59FBEA951AB4D","SourceOrDocumentation"
"Hydroponic_STAGE1_PATCH_REPO","Temporary patch-generation Git repository","03_Edge_Server\mqtt_backend\test\tdsCalibration.test.js","6425","9F130C925514BB3244B332FDFCA4CE64A9AF94EFDCFFB91BA724C105B49ED3BE","SourceOrDocumentation"
"Hydroponic_STAGE1_PATCH_REPO","Temporary patch-generation Git repository","03_Edge_Server\mqtt_backend\testSupport\fakeMongo.js","8724","1C0ADEFCBA6DCF6502071A727E97BB54265DA29CA89E85925DABAD8E79F19901","SourceOrDocumentation"
"Hydroponic_STAGE1_PATCH_REPO","Temporary patch-generation Git repository","03_Edge_Server\README.md","617","9FEBD8ECC121B4975553F91075B8E927478923E5239E43CC8E794CE1F9D4033B","SourceOrDocumentation"
"Hydroponic_STAGE1_PATCH_REPO","Temporary patch-generation Git repository","04_Database\mongodb_schema.md","1333","10C687084033F6E9A31F1E36A89F8BD182A4875AA1416FEB1295F6F1039C9A0B","SourceOrDocumentation"
"Hydroponic_STAGE1_PATCH_REPO","Temporary patch-generation Git repository","04_Database\sample_payload.json","529","A087DA777E8B9F86A27034E3409AA1A9D4262EC6CC7F901DA16DDF3D22355D0C","SourceOrDocumentation"
"Hydroponic_STAGE1_PATCH_REPO","Temporary patch-generation Git repository","05_Calibration_Data\notes.txt","217","D6E1953E1C28E3E929CE75CABE038137C2C9E7340C091AF19AC338E98D278477","SourceOrDocumentation"
"Hydroponic_STAGE1_PATCH_REPO","Temporary patch-generation Git repository","05_Calibration_Data\pump_A_calibration.csv","65","BCD7B1C82803F4332DA3196F66EF9EB5F08ADDEE9576309558900336272D8635","SourceOrDocumentation"
"Hydroponic_STAGE1_PATCH_REPO","Temporary patch-generation Git repository","05_Calibration_Data\pump_B_calibration.csv","65","BCD7B1C82803F4332DA3196F66EF9EB5F08ADDEE9576309558900336272D8635","SourceOrDocumentation"
"Hydroponic_STAGE1_PATCH_REPO","Temporary patch-generation Git repository","05_Calibration_Data\tds_calibration.csv","64","2991E8B145E4AC2938D53C6B156B8D995DF3A8DCB165E9E47B65EFA06E2762F9","SourceOrDocumentation"
"Hydroponic_STAGE1_PATCH_REPO","Temporary patch-generation Git repository","CODEX_PHASE21_FIX1_FINAL_REPORT.md","22424","4BE903CFBAACBFA81448B37A3A4EB5148E2863EE03D0D72CE5D4507F26CDF9A8","SourceOrDocumentation"
"Hydroponic_STAGE1_PATCH_REPO","Temporary patch-generation Git repository","CODEX_PHASE21_FIX2_FINAL_REPORT.md","15051","398352EC2E21719D69554F0C035277958478ACFC20079E321F98935F443E08F6","SourceOrDocumentation"
"Hydroponic_STAGE1_PATCH_REPO","Temporary patch-generation Git repository","CODEX_PHASE22B_STAGE0_REPORT.md","10058","B08AAB6A00FC51115ECC254BB65EBF39A2B490AA3441A9F4AE46ACDCC30587CE","SourceOrDocumentation"
"Hydroponic_STAGE1_PATCH_REPO","Temporary patch-generation Git repository","CODEX_PHASE22B_STAGE1_PREFLIGHT_REPORT.md","12730","AB006ABED86C1B0CB46CE9745DCCCBA55E6D583F4CDBBAD0EBAB58DF8D44BE14","SourceOrDocumentation"
"Hydroponic_STAGE1_PATCH_REPO","Temporary patch-generation Git repository","README.md","5135","12DDFDB71CF6D01E27181CEC48A2A725C3C844E1C94E8B94190C358AB02CDFB1","SourceOrDocumentation"
"Hydroponic_STAGE1_PREFLIGHT_BASELINE","Pre-Stage-1 baseline containing Fix 2 and Stage 0",".gitignore","87","5C053BF99051993126C6AF5EE23C046DBA74B73B23DCC0F610E09C9498F17B71","SourceOrDocumentation"
"Hydroponic_STAGE1_PREFLIGHT_BASELINE","Pre-Stage-1 baseline containing Fix 2 and Stage 0","00_Docs\archive\phase20\PHASE_20B_REVIEW_PACKAGE.md","36202","2D6F0CD39ABA4CA807ED4ED9C687178CCA5B47F6340F7D21EB664A22639DBB89","SourceOrDocumentation"
"Hydroponic_STAGE1_PREFLIGHT_BASELINE","Pre-Stage-1 baseline containing Fix 2 and Stage 0","00_Docs\archive\phase20\PHASE_20C_REVIEW_PACKAGE.md","8453","30775835E4EDAF68D53010CB637DE3BF2536E3F31BD3D85EA9963A8015D9FBDA","SourceOrDocumentation"
"Hydroponic_STAGE1_PREFLIGHT_BASELINE","Pre-Stage-1 baseline containing Fix 2 and Stage 0","00_Docs\archive\phase20\PHASE_20D_REVIEW_PACKAGE.md","5035","87D317833B52E132C42B04BEAF71C3BDC26F0F9A027F426945ABB53138B93987","SourceOrDocumentation"
"Hydroponic_STAGE1_PREFLIGHT_BASELINE","Pre-Stage-1 baseline containing Fix 2 and Stage 0","00_Docs\CODEX_INSTRUCTIONS.md","1026","C617F0928988182A86B58480F3E72EA35CB3549FFFFE0111924C22E28F7931C6","SourceOrDocumentation"
"Hydroponic_STAGE1_PREFLIGHT_BASELINE","Pre-Stage-1 baseline containing Fix 2 and Stage 0","00_Docs\Database_Schema.md","3751","9D46A5C57212FE71A6F89CE4C3C5BC94CA74D8D51B2B0BC5C5F7772DB663EA60","SourceOrDocumentation"
"Hydroponic_STAGE1_PREFLIGHT_BASELINE","Pre-Stage-1 baseline containing Fix 2 and Stage 0","00_Docs\DEMO_CHECKLIST_AUTO_DOSING.md","4897","FAF24107744BB8F5921C6D29064F1C1A34AA437B32D940577AFE8B82203B9193","SourceOrDocumentation"
"Hydroponic_STAGE1_PREFLIGHT_BASELINE","Pre-Stage-1 baseline containing Fix 2 and Stage 0","00_Docs\EC_TDS_Calibration.md","2027","0178EE22BE9F5FF8C53481C80EA5DE977EB1B080917E59FC0B335F617C75D31B","SourceOrDocumentation"
"Hydroponic_STAGE1_PREFLIGHT_BASELINE","Pre-Stage-1 baseline containing Fix 2 and Stage 0","00_Docs\MAIN_REPORT_PHASE20D_DOCX_UPDATE_REVIEW.md","6298","F9E2A07AC226B897D80AF89C58684A7C1C34E31ABB04B9A1B314189A1DA3C302","SourceOrDocumentation"
"Hydroponic_STAGE1_PREFLIGHT_BASELINE","Pre-Stage-1 baseline containing Fix 2 and Stage 0","00_Docs\MQTT_Topics.md","665","8C31A1DB609C1AED5945F9D50EC909F4FAD32FC4193E2CCDA54755B95519DEC7","SourceOrDocumentation"
"Hydroponic_STAGE1_PREFLIGHT_BASELINE","Pre-Stage-1 baseline containing Fix 2 and Stage 0","00_Docs\Payload_Format.md","2984","3A1BE20708ED89BA9BEB80F54A6B11FBA08E048C44E3CD08B20814D28FEFD9DD","SourceOrDocumentation"
"Hydroponic_STAGE1_PREFLIGHT_BASELINE","Pre-Stage-1 baseline containing Fix 2 and Stage 0","00_Docs\Pin_Map.md","3896","07D5A0BDBF392D51443A56C6BC1215EFFE91016556DD9EAF529196D949895043","SourceOrDocumentation"
"Hydroponic_STAGE1_PREFLIGHT_BASELINE","Pre-Stage-1 baseline containing Fix 2 and Stage 0","00_Docs\PROJECT_PLAN.md","2724","EE634CF620E3F7254B129AA1EAFD9B3118080EA1FF349C274AC2E9156665EAE2","SourceOrDocumentation"
"Hydroponic_STAGE1_PREFLIGHT_BASELINE","Pre-Stage-1 baseline containing Fix 2 and Stage 0","00_Docs\PROJECT_STATUS_REPORT.md","34684","5B7EB298A9E5FCAC39B5FB910AF6316062323C04ECA12A8D8AEA0C36BB9FBAC8","SourceOrDocumentation"
"Hydroponic_STAGE1_PREFLIGHT_BASELINE","Pre-Stage-1 baseline containing Fix 2 and Stage 0","00_Docs\Pump_Calibration.md","613","CEF3D80D7980F343E796C4E47B40D61F94F00414D639ED47D040F2560C8A49C3","SourceOrDocumentation"
"Hydroponic_STAGE1_PREFLIGHT_BASELINE","Pre-Stage-1 baseline containing Fix 2 and Stage 0","00_Docs\Telemetry_Identity_Shadow_Mode.md","8143","1607250285FFD077EEF14A2E5B04307702B1F42263C18000EB9A3591EB50586B","SourceOrDocumentation"
"Hydroponic_STAGE1_PREFLIGHT_BASELINE","Pre-Stage-1 baseline containing Fix 2 and Stage 0","00_Docs\Wiring_Checklist.md","3342","468C0C88695AE92B9FEE3A728E6058018C1889563E83E9BF3CD85BCA140E8642","SourceOrDocumentation"
"Hydroponic_STAGE1_PREFLIGHT_BASELINE","Pre-Stage-1 baseline containing Fix 2 and Stage 0","01_ESP32_Test_Sketches\T01_Blink_Serial\T01_Blink_Serial.ino","1661","4DBB0C2556B96387EBA1F9DC14A5906940B8AF712EF2BBA86910AC0DF2DD56A9","SourceOrDocumentation"
"Hydroponic_STAGE1_PREFLIGHT_BASELINE","Pre-Stage-1 baseline containing Fix 2 and Stage 0","01_ESP32_Test_Sketches\T02_TDS_SEN0244_Test\T02_TDS_SEN0244_Test.ino","2178","99D8F184E8241DAF2EC144FFEDB5D882BDD764A611CD6AF66186E0790D573BD8","SourceOrDocumentation"
"Hydroponic_STAGE1_PREFLIGHT_BASELINE","Pre-Stage-1 baseline containing Fix 2 and Stage 0","01_ESP32_Test_Sketches\T03_DS18B20_Test\T03_DS18B20_Test.ino","2082","8B8BBFA7E14431B5D86473A5984B272C5259DED467A6829A8FF041A21A527448","SourceOrDocumentation"
"Hydroponic_STAGE1_PREFLIGHT_BASELINE","Pre-Stage-1 baseline containing Fix 2 and Stage 0","01_ESP32_Test_Sketches\T04_Water_Level_Float_Test\T04_Water_Level_Float_Test.ino","1737","1EC62F615A8AE082EDA037DC036633977B751F7E0C470D90120D87BD11DC6EC8","SourceOrDocumentation"
"Hydroponic_STAGE1_PREFLIGHT_BASELINE","Pre-Stage-1 baseline containing Fix 2 and Stage 0","01_ESP32_Test_Sketches\T05_MOSFET_4CH_Test\T05_MOSFET_4CH_Test.ino","3459","88C2792CA4B021E438ED17522D37F5464F2CBB90678D0A57E3A2744F6AD20496","SourceOrDocumentation"
"Hydroponic_STAGE1_PREFLIGHT_BASELINE","Pre-Stage-1 baseline containing Fix 2 and Stage 0","01_ESP32_Test_Sketches\T06_Pump_Main_Test\T06_Pump_Main_Test.ino","2238","513FC2855A4769D7E0246DAC1C5112371C2D93E72721F91229A26AF6094A0F8B","SourceOrDocumentation"
"Hydroponic_STAGE1_PREFLIGHT_BASELINE","Pre-Stage-1 baseline containing Fix 2 and Stage 0","01_ESP32_Test_Sketches\T07_Pump_A_B_Test\T07_Pump_A_B_Test.ino","3593","A2476AE79A3136131AE7EAEFAEDF60EE5252D0B1D54F441F87663D073074D8BB","SourceOrDocumentation"
"Hydroponic_STAGE1_PREFLIGHT_BASELINE","Pre-Stage-1 baseline containing Fix 2 and Stage 0","01_ESP32_Test_Sketches\T08_All_Hardware_Test\T08_All_Hardware_Test.ino","9623","A7B8DB2AA5B4EB871A4CD9854C32EBBA8CE7BEBCB72ABADCEFC700E34834F341","SourceOrDocumentation"
"Hydroponic_STAGE1_PREFLIGHT_BASELINE","Pre-Stage-1 baseline containing Fix 2 and Stage 0","02_ESP32_Main_Firmware\Hydroponic_Device001\Config.h","1760","D22C06182A6CF665B489E76E4EABD92A596D1B3574FC51D6E4AAB3DB52DF5A6D","SourceOrDocumentation"
"Hydroponic_STAGE1_PREFLIGHT_BASELINE","Pre-Stage-1 baseline containing Fix 2 and Stage 0","02_ESP32_Main_Firmware\Hydroponic_Device001\Hydroponic_Device001.ino","18958","03EDEF95DD4EA83C21E9DBC5C228C05EDA1D00856A90575D197FAACEABCDBA9B","SourceOrDocumentation"
"Hydroponic_STAGE1_PREFLIGHT_BASELINE","Pre-Stage-1 baseline containing Fix 2 and Stage 0","02_ESP32_Main_Firmware\Hydroponic_Device001\MqttService.cpp","3655","C57098A080C0423519CC95CA00C12710B8A5A35516478C06D78C9728E0248567","SourceOrDocumentation"
"Hydroponic_STAGE1_PREFLIGHT_BASELINE","Pre-Stage-1 baseline containing Fix 2 and Stage 0","02_ESP32_Main_Firmware\Hydroponic_Device001\MqttService.h","403","51D157967BA38D8B9C9024E834BE12B2CDA96B03CD4CA2895A1143A8AED7A074","SourceOrDocumentation"
"Hydroponic_STAGE1_PREFLIGHT_BASELINE","Pre-Stage-1 baseline containing Fix 2 and Stage 0","02_ESP32_Main_Firmware\Hydroponic_Device001\PayloadBuilder.cpp","5161","8C9E67312BF2E9BEB9811EE11BBC3D6C918C0E6A2EAEEE1800146989B651A984","SourceOrDocumentation"
"Hydroponic_STAGE1_PREFLIGHT_BASELINE","Pre-Stage-1 baseline containing Fix 2 and Stage 0","02_ESP32_Main_Firmware\Hydroponic_Device001\PayloadBuilder.h","509","45D95972695910141E9F7EECF4D59638AD6681BD5452746DC261AEFDB4EDA17E","SourceOrDocumentation"
"Hydroponic_STAGE1_PREFLIGHT_BASELINE","Pre-Stage-1 baseline containing Fix 2 and Stage 0","02_ESP32_Main_Firmware\Hydroponic_Device001\Pumps.cpp","1259","CD1D3A57CD1E4C9AB9AE71594D5824B1BC196929C15928678B5F41E71424E8B0","SourceOrDocumentation"
"Hydroponic_STAGE1_PREFLIGHT_BASELINE","Pre-Stage-1 baseline containing Fix 2 and Stage 0","02_ESP32_Main_Firmware\Hydroponic_Device001\Pumps.h","264","64F87209010C26E27398039A024113DA9725DBDEF848397E7793643D318C24D1","SourceOrDocumentation"
"Hydroponic_STAGE1_PREFLIGHT_BASELINE","Pre-Stage-1 baseline containing Fix 2 and Stage 0","02_ESP32_Main_Firmware\Hydroponic_Device001\Secrets.h.example","424","9F924ADB3E3C413A4E904CFEACA0E6B12BD44FAE82892238C754CF3370E72746","SourceOrDocumentation"
"Hydroponic_STAGE1_PREFLIGHT_BASELINE","Pre-Stage-1 baseline containing Fix 2 and Stage 0","02_ESP32_Main_Firmware\Hydroponic_Device001\Sensors.cpp","4155","67A312838D90C18A405007E9304EFB34FB97AD5C7DA5975E5FD4AE1DBF006A30","SourceOrDocumentation"
"Hydroponic_STAGE1_PREFLIGHT_BASELINE","Pre-Stage-1 baseline containing Fix 2 and Stage 0","02_ESP32_Main_Firmware\Hydroponic_Device001\Sensors.h","378","D633339E34E947574976A5FD4B4A174DB0ACA0389B5F37C6290F3D9D99C3DAF1","SourceOrDocumentation"
"Hydroponic_STAGE1_PREFLIGHT_BASELINE","Pre-Stage-1 baseline containing Fix 2 and Stage 0","02_ESP32_Main_Firmware\Hydroponic_Device001\TelemetryIdentity.cpp","1068","BE2651EE8C950D9EAF6514FD6ECEFE4A26699B347232D86D14D5C9066B2799C9","SourceOrDocumentation"
"Hydroponic_STAGE1_PREFLIGHT_BASELINE","Pre-Stage-1 baseline containing Fix 2 and Stage 0","02_ESP32_Main_Firmware\Hydroponic_Device001\TelemetryIdentity.h","402","6FB7B85FCB3AC66E1F82BF88B021A384A29B81072469DDB3E76043B65C3AC365","SourceOrDocumentation"
"Hydroponic_STAGE1_PREFLIGHT_BASELINE","Pre-Stage-1 baseline containing Fix 2 and Stage 0","02_ESP32_Main_Firmware\Hydroponic_Device001\TelemetryPublishState.h","768","51DCFDCB23495800B0998F362B38814DA4AEED5A059D7B2D84EECF4CB62E5EBE","SourceOrDocumentation"
"Hydroponic_STAGE1_PREFLIGHT_BASELINE","Pre-Stage-1 baseline containing Fix 2 and Stage 0","02_ESP32_Main_Firmware\Hydroponic_Device001\TelemetrySequence.h","390","8DFB502DB6E99107F62FE5FE5CB4A9513E167961E630F99F249D64C9ACD9CCB9","SourceOrDocumentation"
"Hydroponic_STAGE1_PREFLIGHT_BASELINE","Pre-Stage-1 baseline containing Fix 2 and Stage 0","03_Edge_Server\mqtt_backend\.env.example","976","D8BFAB953504CAC7BB93DCA1684E6862D052AD874C71CCF0810873743A8D8391","SourceOrDocumentation"
"Hydroponic_STAGE1_PREFLIGHT_BASELINE","Pre-Stage-1 baseline containing Fix 2 and Stage 0","03_Edge_Server\mqtt_backend\package.json","501","60815F7437729244F4569B31B85CA7B5BC4E788EB8E1FC3B0F6307FB87BEE092","SourceOrDocumentation"
"Hydroponic_STAGE1_PREFLIGHT_BASELINE","Pre-Stage-1 baseline containing Fix 2 and Stage 0","03_Edge_Server\mqtt_backend\package-lock.json","56295","F8CD984BD4AD8DE411132064FF00ED0ACC4C8D4B8BB9E3531323BCFA8D0D7E63","SourceOrDocumentation"
"Hydroponic_STAGE1_PREFLIGHT_BASELINE","Pre-Stage-1 baseline containing Fix 2 and Stage 0","03_Edge_Server\mqtt_backend\public\app.js","74231","890C4C4E156B5CD71BCF8711329449E2ADC4C6DB3CC74D8A3E3CAA82B1377740","SourceOrDocumentation"
"Hydroponic_STAGE1_PREFLIGHT_BASELINE","Pre-Stage-1 baseline containing Fix 2 and Stage 0","03_Edge_Server\mqtt_backend\public\index.html","55237","F3FAD8E4CF20D52A67B8A2404A3755B06FCC595E7FECDB2866E8D613662E9137","SourceOrDocumentation"
"Hydroponic_STAGE1_PREFLIGHT_BASELINE","Pre-Stage-1 baseline containing Fix 2 and Stage 0","03_Edge_Server\mqtt_backend\public\styles.css","15274","9AC434109D9A4D8EE945A9E5C802E481FC673CE04ADFBF43D0EDF3119DEB344C","SourceOrDocumentation"
"Hydroponic_STAGE1_PREFLIGHT_BASELINE","Pre-Stage-1 baseline containing Fix 2 and Stage 0","03_Edge_Server\mqtt_backend\README.md","32807","54441301820FA8540DB8DDFA3FD640A6A40C79964B269918DE001838F2617FCD","SourceOrDocumentation"
"Hydroponic_STAGE1_PREFLIGHT_BASELINE","Pre-Stage-1 baseline containing Fix 2 and Stage 0","03_Edge_Server\mqtt_backend\scripts\migrateLegacyTdsCalibrations.js","2476","F69DD0618E67B9CFCF8EC5E8B5D6A3429C9BF61CE49B875214C7FB9047649F75","SourceOrDocumentation"
"Hydroponic_STAGE1_PREFLIGHT_BASELINE","Pre-Stage-1 baseline containing Fix 2 and Stage 0","03_Edge_Server\mqtt_backend\src\config\phase22Config.js","748","26BA55A693FEF9F48EFE5AE1F315B7A8093D098E6111AA080374B6039049FD4C","SourceOrDocumentation"
"Hydroponic_STAGE1_PREFLIGHT_BASELINE","Pre-Stage-1 baseline containing Fix 2 and Stage 0","03_Edge_Server\mqtt_backend\src\config\tdsQualityConfig.js","1767","D080F4AB45FF37407C44FBE862C9A2BCCF4F99AC98F83AFB510BB721B880C765","SourceOrDocumentation"
"Hydroponic_STAGE1_PREFLIGHT_BASELINE","Pre-Stage-1 baseline containing Fix 2 and Stage 0","03_Edge_Server\mqtt_backend\src\httpServer.js","1461","6705B7B0E1317A2EB235FA1DD9625EBA4BEA217844C6BBAD84D8D7EF48109144","SourceOrDocumentation"
"Hydroponic_STAGE1_PREFLIGHT_BASELINE","Pre-Stage-1 baseline containing Fix 2 and Stage 0","03_Edge_Server\mqtt_backend\src\index.js","1143","C1D7AAFB9B7467E4D595CDEFD02E6321E9F6E65E8B203608198BA8E68B626DAC","SourceOrDocumentation"
"Hydroponic_STAGE1_PREFLIGHT_BASELINE","Pre-Stage-1 baseline containing Fix 2 and Stage 0","03_Edge_Server\mqtt_backend\src\mongoClient.js","4680","B498939A5ADC66B88F59664ED42B0FC103432195C20CAC5B045937B5974C9BBF","SourceOrDocumentation"
"Hydroponic_STAGE1_PREFLIGHT_BASELINE","Pre-Stage-1 baseline containing Fix 2 and Stage 0","03_Edge_Server\mqtt_backend\src\mqttClient.js","3931","6D038CE1E9DCAA70E483159593103738241AAE76A2D4E0A99B3EEB1536A18ADA","SourceOrDocumentation"
"Hydroponic_STAGE1_PREFLIGHT_BASELINE","Pre-Stage-1 baseline containing Fix 2 and Stage 0","03_Edge_Server\mqtt_backend\src\routes\deviceRoutes.js","18569","11DCF6B7DC630479F3B1ECB8AC705A5B6AF1B3A0B1D27A21CC682C2E9C9B6A22","SourceOrDocumentation"
"Hydroponic_STAGE1_PREFLIGHT_BASELINE","Pre-Stage-1 baseline containing Fix 2 and Stage 0","03_Edge_Server\mqtt_backend\src\services\alertService.js","3768","C97B2176978630542D46F4CC66350C4B318F81F5AD23E6170802BCA821DD955F","SourceOrDocumentation"
"Hydroponic_STAGE1_PREFLIGHT_BASELINE","Pre-Stage-1 baseline containing Fix 2 and Stage 0","03_Edge_Server\mqtt_backend\src\services\autoDosingEventService.js","4907","C2678479B4EAB467481ED343CCF671A2686EC2A017AB54BC3B04DCBA83DA57D7","SourceOrDocumentation"
"Hydroponic_STAGE1_PREFLIGHT_BASELINE","Pre-Stage-1 baseline containing Fix 2 and Stage 0","03_Edge_Server\mqtt_backend\src\services\autoDosingReadinessService.js","2851","3C4321B5E9E7A239229766B645C2B9959F7459392A2ABC9AF4C28A8D69BEFA84","SourceOrDocumentation"
"Hydroponic_STAGE1_PREFLIGHT_BASELINE","Pre-Stage-1 baseline containing Fix 2 and Stage 0","03_Edge_Server\mqtt_backend\src\services\autoDosingService.js","40158","9BD80FF77B08909CE42C685D2CA4725FA812DF3336244D234C681C25AE3CF1C7","SourceOrDocumentation"
"Hydroponic_STAGE1_PREFLIGHT_BASELINE","Pre-Stage-1 baseline containing Fix 2 and Stage 0","03_Edge_Server\mqtt_backend\src\services\deviceQueryService.js","1318","12CB9B22D8B5621FD66CDE9F77F5CA90AF47482CDC6530B43ACE7205D1A284F3","SourceOrDocumentation"
"Hydroponic_STAGE1_PREFLIGHT_BASELINE","Pre-Stage-1 baseline containing Fix 2 and Stage 0","03_Edge_Server\mqtt_backend\src\services\exportService.js","2883","B70B968CAEE34C784645A135965D1C0AAD6816CFC9F337D835546C0862E737C5","SourceOrDocumentation"
"Hydroponic_STAGE1_PREFLIGHT_BASELINE","Pre-Stage-1 baseline containing Fix 2 and Stage 0","03_Edge_Server\mqtt_backend\src\services\nutrientResponseService.js","5276","204C7DC377DCDCB849B24C28D674C3FE1F1A949BBAADFF34EDDEE295E68E4DB3","SourceOrDocumentation"
"Hydroponic_STAGE1_PREFLIGHT_BASELINE","Pre-Stage-1 baseline containing Fix 2 and Stage 0","03_Edge_Server\mqtt_backend\src\services\pumpCalibrationService.js","3201","07D83C84968AA1F6CD5412FF292BA3C52889DAB551AD45F3F6AFA080599D0987","SourceOrDocumentation"
"Hydroponic_STAGE1_PREFLIGHT_BASELINE","Pre-Stage-1 baseline containing Fix 2 and Stage 0","03_Edge_Server\mqtt_backend\src\services\pumpCommandService.js","3961","B84D4C876F1D4BB14FC68DD82EE9C41E1E8645360E768A44BA7D05763BCBF653","SourceOrDocumentation"
"Hydroponic_STAGE1_PREFLIGHT_BASELINE","Pre-Stage-1 baseline containing Fix 2 and Stage 0","03_Edge_Server\mqtt_backend\src\services\pumpLogService.js","4043","57FC9C8598655212921F25CD22E0B354C454D4E8C9AFC6AD4534CA765330751D","SourceOrDocumentation"
"Hydroponic_STAGE1_PREFLIGHT_BASELINE","Pre-Stage-1 baseline containing Fix 2 and Stage 0","03_Edge_Server\mqtt_backend\src\services\sensorLogService.js","15023","34D248AE55A79EE2505E4863B03D84C434216BB5244A34A0667C5AFC5AE64A67","SourceOrDocumentation"
"Hydroponic_STAGE1_PREFLIGHT_BASELINE","Pre-Stage-1 baseline containing Fix 2 and Stage 0","03_Edge_Server\mqtt_backend\src\services\shadowDosingEngine.js","8002","A14BD4DCBAF1A9EAB7D4226922EF566B3EF440CC9B8425C9C7FFDA8B0B0E0DAE","SourceOrDocumentation"
"Hydroponic_STAGE1_PREFLIGHT_BASELINE","Pre-Stage-1 baseline containing Fix 2 and Stage 0","03_Edge_Server\mqtt_backend\src\services\shadowDosingService.js","5067","8138C46184E48D911AA93777CAF8D7A50C9B2E5147B3D9D8530EB44877C7C055","SourceOrDocumentation"
"Hydroponic_STAGE1_PREFLIGHT_BASELINE","Pre-Stage-1 baseline containing Fix 2 and Stage 0","03_Edge_Server\mqtt_backend\src\services\tdsCalibrationService.js","28922","70041A46B88828060446072CCC858ACC17CE988CD34883A066B12B2E4BD750A6","SourceOrDocumentation"
"Hydroponic_STAGE1_PREFLIGHT_BASELINE","Pre-Stage-1 baseline containing Fix 2 and Stage 0","03_Edge_Server\mqtt_backend\src\services\tdsQualityService.js","6579","7F70509F44BF5EE7B2516CD57663A46A4918317FC87474755F1C26C0472A6F6D","SourceOrDocumentation"
"Hydroponic_STAGE1_PREFLIGHT_BASELINE","Pre-Stage-1 baseline containing Fix 2 and Stage 0","03_Edge_Server\mqtt_backend\src\services\telemetryIdentityService.js","5092","2DF83BE7BB2CA8DC7B4CEFD404811A6178C1C62C86D8713A621319A7278D6F55","SourceOrDocumentation"
"Hydroponic_STAGE1_PREFLIGHT_BASELINE","Pre-Stage-1 baseline containing Fix 2 and Stage 0","03_Edge_Server\mqtt_backend\src\services\telemetryPipelineService.js","591","A29FF8D6047F5074F89D385F4A5FA80EEC2B12897BD05AAFBFDCA6C411CBD077","SourceOrDocumentation"
"Hydroponic_STAGE1_PREFLIGHT_BASELINE","Pre-Stage-1 baseline containing Fix 2 and Stage 0","03_Edge_Server\mqtt_backend\src\validators\autoDosingSettingsValidator.js","5003","77E0748EEAC7EEFE8083A07D79208F3F922D7EC6D132A83596D35FDD075850F6","SourceOrDocumentation"
"Hydroponic_STAGE1_PREFLIGHT_BASELINE","Pre-Stage-1 baseline containing Fix 2 and Stage 0","03_Edge_Server\mqtt_backend\src\validators\nutrientResponseTestValidator.js","5701","97DA964F5923A9D8DD1EA6D6F7CA8E96764E1488AC136169E7391D0F5D786E35","SourceOrDocumentation"
"Hydroponic_STAGE1_PREFLIGHT_BASELINE","Pre-Stage-1 baseline containing Fix 2 and Stage 0","03_Edge_Server\mqtt_backend\src\validators\pumpCalibrationValidator.js","2292","65CDAD783EFDFA0F9B8E6CC88A2627F17A76D9684964D976F06AD0C1E10FC14F","SourceOrDocumentation"
"Hydroponic_STAGE1_PREFLIGHT_BASELINE","Pre-Stage-1 baseline containing Fix 2 and Stage 0","03_Edge_Server\mqtt_backend\src\validators\pumpCommandValidator.js","2646","70102D24B89F9A83564D08F08CCAC0364C922E629CBB9993B76F19D0742E5288","SourceOrDocumentation"
"Hydroponic_STAGE1_PREFLIGHT_BASELINE","Pre-Stage-1 baseline containing Fix 2 and Stage 0","03_Edge_Server\mqtt_backend\src\validators\sensorPayloadValidator.js","5960","4E46800CA418E49689057BC83D540B0788C0A37347FF8947D96EF0C55F21E92E","SourceOrDocumentation"
"Hydroponic_STAGE1_PREFLIGHT_BASELINE","Pre-Stage-1 baseline containing Fix 2 and Stage 0","03_Edge_Server\mqtt_backend\src\validators\tdsCalibrationSetValidator.js","9018","D321879195A40C3838BCA515885E9C16ABDF51FAB6FB8F2DFA617BC4558C6CBC","SourceOrDocumentation"
"Hydroponic_STAGE1_PREFLIGHT_BASELINE","Pre-Stage-1 baseline containing Fix 2 and Stage 0","03_Edge_Server\mqtt_backend\src\validators\tdsCalibrationValidator.js","461","3B58ED004B84369148A91592BE5A9FC58727CC8FB4132BF86615F25308BABCBA","SourceOrDocumentation"
"Hydroponic_STAGE1_PREFLIGHT_BASELINE","Pre-Stage-1 baseline containing Fix 2 and Stage 0","03_Edge_Server\mqtt_backend\staging\.env.staging.example","535","E1868B9CA2A12142BECB38D6F9F0288766CBB0E03104B320A8BDDAC70DC33833","SourceOrDocumentation"
"Hydroponic_STAGE1_PREFLIGHT_BASELINE","Pre-Stage-1 baseline containing Fix 2 and Stage 0","03_Edge_Server\mqtt_backend\staging\Get-StagingStatus.ps1","889","A15AAFC96D2A06B38BB1FED8256B6339846E6F4A014045EA2C27582FAAAC0D3E","SourceOrDocumentation"
"Hydroponic_STAGE1_PREFLIGHT_BASELINE","Pre-Stage-1 baseline containing Fix 2 and Stage 0","03_Edge_Server\mqtt_backend\staging\mosquitto.stage0.conf","145","222ABE58FE275AB78CD1E0C1233DD7A7C71F88B098919F557705815FB46FB85C","SourceOrDocumentation"
"Hydroponic_STAGE1_PREFLIGHT_BASELINE","Pre-Stage-1 baseline containing Fix 2 and Stage 0","03_Edge_Server\mqtt_backend\staging\README.md","1990","3B8F2407C9E4ADBB9D1AF8FDC065F6BEC002AB131F7EE50D175AEAB016FB802E","SourceOrDocumentation"
"Hydroponic_STAGE1_PREFLIGHT_BASELINE","Pre-Stage-1 baseline containing Fix 2 and Stage 0","03_Edge_Server\mqtt_backend\staging\Reset-Staging.ps1","714","81667C7BF9238AADCE281BA544A95BCB93367E4EB84C13F700F18E856E047DB3","SourceOrDocumentation"
"Hydroponic_STAGE1_PREFLIGHT_BASELINE","Pre-Stage-1 baseline containing Fix 2 and Stage 0","03_Edge_Server\mqtt_backend\staging\runStage0Checks.js","15438","62CECF97B19E5F03D42423FAB6B8EB8E1F933C7035F61BCF0BE505F9C64D8F00","SourceOrDocumentation"
"Hydroponic_STAGE1_PREFLIGHT_BASELINE","Pre-Stage-1 baseline containing Fix 2 and Stage 0","03_Edge_Server\mqtt_backend\staging\Stage0.Common.ps1","1940","4DA645518CECA9B5BA43E8162025E7E86DD4EEF2363BEC954C7CA3EEBA785E2A","SourceOrDocumentation"
"Hydroponic_STAGE1_PREFLIGHT_BASELINE","Pre-Stage-1 baseline containing Fix 2 and Stage 0","03_Edge_Server\mqtt_backend\staging\Start-Staging.ps1","4828","C415285571ABB87ABF884E290C5D47558FD692AD5BB7A61FF46F7C8951FDDA32","SourceOrDocumentation"
"Hydroponic_STAGE1_PREFLIGHT_BASELINE","Pre-Stage-1 baseline containing Fix 2 and Stage 0","03_Edge_Server\mqtt_backend\staging\Stop-Staging.ps1","1340","603F88600B45D92576149E097051610A205F33CA15A61280F8CF45955880A5A7","SourceOrDocumentation"
"Hydroponic_STAGE1_PREFLIGHT_BASELINE","Pre-Stage-1 baseline containing Fix 2 and Stage 0","03_Edge_Server\mqtt_backend\test\autoDosingSafety.test.js","4448","D06C0341F44A9790D3FC0C6BC8E63204093965D6CA0BBB7CAEC670C71CFE125E","SourceOrDocumentation"
"Hydroponic_STAGE1_PREFLIGHT_BASELINE","Pre-Stage-1 baseline containing Fix 2 and Stage 0","03_Edge_Server\mqtt_backend\test\dashboardContract.test.js","6440","6B9D16A0A7C2307C4AC8DB8E4CE4A5936F40D90A53352EB17F1BC551DDF52AC9","SourceOrDocumentation"
"Hydroponic_STAGE1_PREFLIGHT_BASELINE","Pre-Stage-1 baseline containing Fix 2 and Stage 0","03_Edge_Server\mqtt_backend\test\fixtures\telemetry_firmware_host_test.cpp","815","4EE7B82D8F2A4D2FA9982F1F510EE66EC372B0F583E99AE9F0214893C0E61B46","SourceOrDocumentation"
"Hydroponic_STAGE1_PREFLIGHT_BASELINE","Pre-Stage-1 baseline containing Fix 2 and Stage 0","03_Edge_Server\mqtt_backend\test\phase21FixBehavior.test.js","17563","5477BEBBB55A59CD3FF1433BDAD2C0A1EEE576F70CC7BC5DB295386B2636DD1B","SourceOrDocumentation"
"Hydroponic_STAGE1_PREFLIGHT_BASELINE","Pre-Stage-1 baseline containing Fix 2 and Stage 0","03_Edge_Server\mqtt_backend\test\phase22aFix1.test.js","9690","835DD6FBD45C4BD1DA8ED0D38DAC277592EA9559DAF3E9CAAA45722D14A3D007","SourceOrDocumentation"
"Hydroponic_STAGE1_PREFLIGHT_BASELINE","Pre-Stage-1 baseline containing Fix 2 and Stage 0","03_Edge_Server\mqtt_backend\test\phase22Pipeline.test.js","9545","A4BF2038C6683AAE3A0A2197A2F2772C083C52D66D251A990C5F6B59455C3DC1","SourceOrDocumentation"
"Hydroponic_STAGE1_PREFLIGHT_BASELINE","Pre-Stage-1 baseline containing Fix 2 and Stage 0","03_Edge_Server\mqtt_backend\test\phase22ShadowEngine.test.js","7584","DCBF33BB62288231FC61D491B722991F361E257FA8F3C4AD345AF39D00B36FD7","SourceOrDocumentation"
"Hydroponic_STAGE1_PREFLIGHT_BASELINE","Pre-Stage-1 baseline containing Fix 2 and Stage 0","03_Edge_Server\mqtt_backend\test\phase22TelemetryIdentity.test.js","11264","ECD4F2736B37104B83E49E5783618DBC5810499AD669DCB77055D3EDE40304C0","SourceOrDocumentation"
"Hydroponic_STAGE1_PREFLIGHT_BASELINE","Pre-Stage-1 baseline containing Fix 2 and Stage 0","03_Edge_Server\mqtt_backend\test\stabilityMigration.test.js","8008","C1FBDC9B2711C7240FE1C65DE7BE6E0F6B1115349E97D62389872EA6B0424E0B","SourceOrDocumentation"
"Hydroponic_STAGE1_PREFLIGHT_BASELINE","Pre-Stage-1 baseline containing Fix 2 and Stage 0","03_Edge_Server\mqtt_backend\test\stage0Safety.test.js","1450","467FAB93B8945E3E3F0E2A37A21208D896E55EF96AF3A678CCEFDCFF0B34A4A1","SourceOrDocumentation"
"Hydroponic_STAGE1_PREFLIGHT_BASELINE","Pre-Stage-1 baseline containing Fix 2 and Stage 0","03_Edge_Server\mqtt_backend\test\tdsCalibration.test.js","6425","9F130C925514BB3244B332FDFCA4CE64A9AF94EFDCFFB91BA724C105B49ED3BE","SourceOrDocumentation"
"Hydroponic_STAGE1_PREFLIGHT_BASELINE","Pre-Stage-1 baseline containing Fix 2 and Stage 0","03_Edge_Server\mqtt_backend\testSupport\fakeMongo.js","8724","1C0ADEFCBA6DCF6502071A727E97BB54265DA29CA89E85925DABAD8E79F19901","SourceOrDocumentation"
"Hydroponic_STAGE1_PREFLIGHT_BASELINE","Pre-Stage-1 baseline containing Fix 2 and Stage 0","03_Edge_Server\README.md","617","9FEBD8ECC121B4975553F91075B8E927478923E5239E43CC8E794CE1F9D4033B","SourceOrDocumentation"
"Hydroponic_STAGE1_PREFLIGHT_BASELINE","Pre-Stage-1 baseline containing Fix 2 and Stage 0","04_Database\mongodb_schema.md","1333","10C687084033F6E9A31F1E36A89F8BD182A4875AA1416FEB1295F6F1039C9A0B","SourceOrDocumentation"
"Hydroponic_STAGE1_PREFLIGHT_BASELINE","Pre-Stage-1 baseline containing Fix 2 and Stage 0","04_Database\sample_payload.json","529","A087DA777E8B9F86A27034E3409AA1A9D4262EC6CC7F901DA16DDF3D22355D0C","SourceOrDocumentation"
"Hydroponic_STAGE1_PREFLIGHT_BASELINE","Pre-Stage-1 baseline containing Fix 2 and Stage 0","05_Calibration_Data\notes.txt","217","D6E1953E1C28E3E929CE75CABE038137C2C9E7340C091AF19AC338E98D278477","SourceOrDocumentation"
"Hydroponic_STAGE1_PREFLIGHT_BASELINE","Pre-Stage-1 baseline containing Fix 2 and Stage 0","05_Calibration_Data\pump_A_calibration.csv","65","BCD7B1C82803F4332DA3196F66EF9EB5F08ADDEE9576309558900336272D8635","SourceOrDocumentation"
"Hydroponic_STAGE1_PREFLIGHT_BASELINE","Pre-Stage-1 baseline containing Fix 2 and Stage 0","05_Calibration_Data\pump_B_calibration.csv","65","BCD7B1C82803F4332DA3196F66EF9EB5F08ADDEE9576309558900336272D8635","SourceOrDocumentation"
"Hydroponic_STAGE1_PREFLIGHT_BASELINE","Pre-Stage-1 baseline containing Fix 2 and Stage 0","05_Calibration_Data\tds_calibration.csv","64","2991E8B145E4AC2938D53C6B156B8D995DF3A8DCB165E9E47B65EFA06E2762F9","SourceOrDocumentation"
"Hydroponic_STAGE1_PREFLIGHT_BASELINE","Pre-Stage-1 baseline containing Fix 2 and Stage 0","CODEX_PHASE21_FIX1_FINAL_REPORT.md","22424","4BE903CFBAACBFA81448B37A3A4EB5148E2863EE03D0D72CE5D4507F26CDF9A8","SourceOrDocumentation"
"Hydroponic_STAGE1_PREFLIGHT_BASELINE","Pre-Stage-1 baseline containing Fix 2 and Stage 0","CODEX_PHASE21_FIX2_FINAL_REPORT.md","15051","398352EC2E21719D69554F0C035277958478ACFC20079E321F98935F443E08F6","SourceOrDocumentation"
"Hydroponic_STAGE1_PREFLIGHT_BASELINE","Pre-Stage-1 baseline containing Fix 2 and Stage 0","CODEX_PHASE22B_STAGE0_REPORT.md","10058","B08AAB6A00FC51115ECC254BB65EBF39A2B490AA3441A9F4AE46ACDCC30587CE","SourceOrDocumentation"
"Hydroponic_STAGE1_PREFLIGHT_BASELINE","Pre-Stage-1 baseline containing Fix 2 and Stage 0","README.md","4456","D2EAA06EB8C9D36380E27F31E82B2EB05631D321251685320C1B34B535B6E667","SourceOrDocumentation"
